state,date,bio_age_5_17,bio_age_17_
ANDAMAN & NICOBAR ISLANDS,2025-01-03,16,193
ANDAMAN & NICOBAR ISLANDS,2025-01-04,17,167
ANDAMAN & NICOBAR ISLANDS,2025-01-05,22,158
ANDAMAN & NICOBAR ISLANDS,2025-01-06,11,129
ANDAMAN & NICOBAR ISLANDS,2025-01-07,20,239
ANDAMAN & NICOBAR ISLANDS,2025-01-09,4,19
ANDAMAN & NICOBAR ISLANDS,2025-01-11,2,14
ANDAMAN & NICOBAR ISLANDS,2025-01-12,6,14
ANDAMAN & NICOBAR ISLANDS,2025-02-09,4,25
ANDAMAN & NICOBAR ISLANDS,2025-02-11,5,13
ANDAMAN & NICOBAR ISLANDS,2025-02-12,8,13
ANDAMAN & NICOBAR ISLANDS,2025-03-09,7,29
ANDAMAN & NICOBAR ISLANDS,2025-03-11,10,20
ANDAMAN & NICOBAR ISLANDS,2025-03-12,10,1
ANDAMAN & NICOBAR ISLANDS,2025-04-09,4,16
ANDAMAN & NICOBAR ISLANDS,2025-04-11,0,1
ANDAMAN & NICOBAR ISLANDS,2025-04-12,7,19
ANDAMAN & NICOBAR ISLANDS,2025-05-09,2,20
ANDAMAN & NICOBAR ISLANDS,2025-05-11,4,17
ANDAMAN & NICOBAR ISLANDS,2025-05-12,7,8
ANDAMAN & NICOBAR ISLANDS,2025-06-09,1,0
ANDAMAN & NICOBAR ISLANDS,2025-06-11,2,13
ANDAMAN & NICOBAR ISLANDS,2025-06-12,6,10
ANDAMAN & NICOBAR ISLANDS,2025-07-11,2,3
ANDAMAN & NICOBAR ISLANDS,2025-07-12,3,9
ANDAMAN & NICOBAR ISLANDS,2025-08-09,4,25
ANDAMAN & NICOBAR ISLANDS,2025-08-11,2,19
ANDAMAN & NICOBAR ISLANDS,2025-08-12,1,6
ANDAMAN & NICOBAR ISLANDS,2025-09-09,10,23
ANDAMAN & NICOBAR ISLANDS,2025-09-11,2,6
ANDAMAN & NICOBAR ISLANDS,2025-09-12,10,9
ANDAMAN & NICOBAR ISLANDS,2025-10-09,13,24
ANDAMAN & NICOBAR ISLANDS,2025-10-11,1,14
ANDAMAN & NICOBAR ISLANDS,2025-10-12,6,9
ANDAMAN & NICOBAR ISLANDS,2025-11-09,6,19
ANDAMAN & NICOBAR ISLANDS,2025-11-11,0,14
ANDAMAN & NICOBAR ISLANDS,2025-11-12,6,21
ANDAMAN & NICOBAR ISLANDS,2025-12-09,15,19
ANDAMAN & NICOBAR ISLANDS,2025-12-11,4,13
ANDAMAN & NICOBAR ISLANDS,2025-12-12,4,19
ANDAMAN AND NICOBAR ISLANDS,2025-01-03,1596,898
ANDAMAN AND NICOBAR ISLANDS,2025-01-04,1613,947
ANDAMAN AND NICOBAR ISLANDS,2025-01-05,960,755
ANDAMAN AND NICOBAR ISLANDS,2025-01-06,834,970
ANDAMAN AND NICOBAR ISLANDS,2025-01-07,1075,1494
ANDAMAN AND NICOBAR ISLANDS,2025-01-09,102,50
ANDAMAN AND NICOBAR ISLANDS,2025-01-11,29,9
ANDAMAN AND NICOBAR ISLANDS,2025-01-12,160,27
ANDAMAN AND NICOBAR ISLANDS,2025-02-09,88,67
ANDAMAN AND NICOBAR ISLANDS,2025-02-11,88,20
ANDAMAN AND NICOBAR ISLANDS,2025-02-12,156,29
ANDAMAN AND NICOBAR ISLANDS,2025-03-09,80,58
ANDAMAN AND NICOBAR ISLANDS,2025-03-11,38,9
ANDAMAN AND NICOBAR ISLANDS,2025-03-12,94,12
ANDAMAN AND NICOBAR ISLANDS,2025-04-09,76,39
ANDAMAN AND NICOBAR ISLANDS,2025-04-11,1,5
ANDAMAN AND NICOBAR ISLANDS,2025-04-12,141,28
ANDAMAN AND NICOBAR ISLANDS,2025-05-09,71,18
ANDAMAN AND NICOBAR ISLANDS,2025-05-11,63,22
ANDAMAN AND NICOBAR ISLANDS,2025-05-12,100,20
ANDAMAN AND NICOBAR ISLANDS,2025-06-09,4,3
ANDAMAN AND NICOBAR ISLANDS,2025-06-11,111,29
ANDAMAN AND NICOBAR ISLANDS,2025-06-12,76,14
ANDAMAN AND NICOBAR ISLANDS,2025-07-11,39,18
ANDAMAN AND NICOBAR ISLANDS,2025-07-12,47,10
ANDAMAN AND NICOBAR ISLANDS,2025-08-09,102,51
ANDAMAN AND NICOBAR ISLANDS,2025-08-11,40,22
ANDAMAN AND NICOBAR ISLANDS,2025-08-12,71,18
ANDAMAN AND NICOBAR ISLANDS,2025-09-09,158,41
ANDAMAN AND NICOBAR ISLANDS,2025-09-11,22,11
ANDAMAN AND NICOBAR ISLANDS,2025-09-12,100,27
ANDAMAN AND NICOBAR ISLANDS,2025-10-09,160,52
ANDAMAN AND NICOBAR ISLANDS,2025-10-11,48,22
ANDAMAN AND NICOBAR ISLANDS,2025-10-12,35,3
ANDAMAN AND NICOBAR ISLANDS,2025-11-09,95,46
ANDAMAN AND NICOBAR ISLANDS,2025-11-11,51,25
ANDAMAN AND NICOBAR ISLANDS,2025-11-12,89,28
ANDAMAN AND NICOBAR ISLANDS,2025-12-09,105,38
ANDAMAN AND NICOBAR ISLANDS,2025-12-11,55,19
ANDAMAN AND NICOBAR ISLANDS,2025-12-12,74,26
ANDHRA PRADESH,2025-01-03,243777,159519
ANDHRA PRADESH,2025-01-04,453882,154707
ANDHRA PRADESH,2025-01-05,340643,160017
ANDHRA PRADESH,2025-01-06,327497,180975
ANDHRA PRADESH,2025-01-07,140116,194110
ANDHRA PRADESH,2025-01-09,4184,6897
ANDHRA PRADESH,2025-01-11,21745,12397
ANDHRA PRADESH,2025-01-12,8582,6564
ANDHRA PRADESH,2025-02-09,5189,8888
ANDHRA PRADESH,2025-02-11,7827,5743
ANDHRA PRADESH,2025-02-12,13342,10706
ANDHRA PRADESH,2025-03-09,6690,11155
ANDHRA PRADESH,2025-03-11,10950,7681
ANDHRA PRADESH,2025-03-12,5966,7950
ANDHRA PRADESH,2025-04-09,4395,7226
ANDHRA PRADESH,2025-04-11,19833,13003
ANDHRA PRADESH,2025-04-12,10408,14539
ANDHRA PRADESH,2025-05-09,1763,1897
ANDHRA PRADESH,2025-05-11,11284,5735
ANDHRA PRADESH,2025-05-12,8066,10736
ANDHRA PRADESH,2025-06-09,5818,7273
ANDHRA PRADESH,2025-06-11,9955,5503
ANDHRA PRADESH,2025-06-12,9506,11068
ANDHRA PRADESH,2025-07-09,247,247
ANDHRA PRADESH,2025-07-11,13884,8592
ANDHRA PRADESH,2025-07-12,2545,2366
ANDHRA PRADESH,2025-08-09,4685,7489
ANDHRA PRADESH,2025-08-11,11044,7005
ANDHRA PRADESH,2025-08-12,6447,7834
ANDHRA PRADESH,2025-09-09,4908,8591
ANDHRA PRADESH,2025-09-11,1248,981
ANDHRA PRADESH,2025-09-12,10677,13206
ANDHRA PRADESH,2025-10-09,6775,11289
ANDHRA PRADESH,2025-10-11,9364,7346
ANDHRA PRADESH,2025-10-12,4880,5635
ANDHRA PRADESH,2025-11-09,4632,8082
ANDHRA PRADESH,2025-11-11,9614,7394
ANDHRA PRADESH,2025-11-12,9025,9931
ANDHRA PRADESH,2025-12-09,4776,8324
ANDHRA PRADESH,2025-12-11,12399,12467
ANDHRA PRADESH,2025-12-12,7544,8847
ARUNACHAL PRADESH,2025-01-03,2953,4447
ARUNACHAL PRADESH,2025-01-04,4258,4117
ARUNACHAL PRADESH,2025-01-05,4121,4184
ARUNACHAL PRADESH,2025-01-06,3399,3739
ARUNACHAL PRADESH,2025-01-07,4119,4323
ARUNACHAL PRADESH,2025-01-09,132,109
ARUNACHAL PRADESH,2025-01-11,363,75
ARUNACHAL PRADESH,2025-01-12,168,13
ARUNACHAL PRADESH,2025-02-09,208,169
ARUNACHAL PRADESH,2025-02-11,98,54
ARUNACHAL PRADESH,2025-02-12,693,102
ARUNACHAL PRADESH,2025-03-09,373,254
ARUNACHAL PRADESH,2025-03-11,309,95
ARUNACHAL PRADESH,2025-03-12,623,101
ARUNACHAL PRADESH,2025-04-09,371,212
ARUNACHAL PRADESH,2025-04-11,651,131
ARUNACHAL PRADESH,2025-04-12,551,131
ARUNACHAL PRADESH,2025-05-09,279,142
ARUNACHAL PRADESH,2025-05-11,357,74
ARUNACHAL PRADESH,2025-05-12,300,93
ARUNACHAL PRADESH,2025-06-09,113,49
ARUNACHAL PRADESH,2025-06-11,382,106
ARUNACHAL PRADESH,2025-06-12,354,81
ARUNACHAL PRADESH,2025-07-09,65,23
ARUNACHAL PRADESH,2025-07-11,954,221
ARUNACHAL PRADESH,2025-07-12,141,44
ARUNACHAL PRADESH,2025-08-09,247,199
ARUNACHAL PRADESH,2025-08-11,393,64
ARUNACHAL PRADESH,2025-08-12,377,118
ARUNACHAL PRADESH,2025-09-09,289,197
ARUNACHAL PRADESH,2025-09-11,132,25
ARUNACHAL PRADESH,2025-09-12,407,137
ARUNACHAL PRADESH,2025-10-09,372,262
ARUNACHAL PRADESH,2025-10-11,467,121
ARUNACHAL PRADESH,2025-10-12,269,40
ARUNACHAL PRADESH,2025-11-09,214,186
ARUNACHAL PRADESH,2025-11-11,565,139
ARUNACHAL PRADESH,2025-11-12,374,81
ARUNACHAL PRADESH,2025-12-09,245,146
ARUNACHAL PRADESH,2025-12-11,749,129
ARUNACHAL PRADESH,2025-12-12,344,107
ASSAM,2025-01-03,59101,33830
ASSAM,2025-01-04,105295,34364
ASSAM,2025-01-05,52863,30978
ASSAM,2025-01-06,39419,32157
ASSAM,2025-01-07,51489,43683
ASSAM,2025-01-09,2979,1497
ASSAM,2025-01-11,5095,2711
ASSAM,2025-01-12,2993,1363
ASSAM,2025-02-09,3225,1716
ASSAM,2025-02-11,3094,1566
ASSAM,2025-02-12,5487,2418
ASSAM,2025-03-09,3386,1440
ASSAM,2025-03-11,3051,2049
ASSAM,2025-03-12,4960,3221
ASSAM,2025-04-09,4504,2302
ASSAM,2025-04-11,6196,3360
ASSAM,2025-04-12,4590,2948
ASSAM,2025-05-09,2950,1659
ASSAM,2025-05-11,3617,2136
ASSAM,2025-05-12,3832,2524
ASSAM,2025-06-09,4078,1621
ASSAM,2025-06-11,3463,2166
ASSAM,2025-06-12,4272,2683
ASSAM,2025-07-09,603,238
ASSAM,2025-07-11,6559,3575
ASSAM,2025-07-12,2334,1636
ASSAM,2025-08-09,3923,1613
ASSAM,2025-08-11,5657,2673
ASSAM,2025-08-12,3813,2941
ASSAM,2025-09-09,5098,2025
ASSAM,2025-09-11,1552,705
ASSAM,2025-09-12,6115,4359
ASSAM,2025-10-09,6401,2630
ASSAM,2025-10-11,3624,2010
ASSAM,2025-10-12,3046,2189
ASSAM,2025-11-09,4568,1880
ASSAM,2025-11-11,3868,2731
ASSAM,2025-11-12,4069,2866
ASSAM,2025-12-09,3154,1340
ASSAM,2025-12-11,3298,1725
ASSAM,2025-12-12,4595,3381
BIHAR,2025-01-03,324179,439330
BIHAR,2025-01-04,419994,375725
BIHAR,2025-01-05,283915,268284
BIHAR,2025-01-06,239119,255338
BIHAR,2025-01-07,253037,351024
BIHAR,2025-01-09,9785,14805
BIHAR,2025-01-11,3837,6768
BIHAR,2025-01-12,13507,15660
BIHAR,2025-02-09,6630,9412
BIHAR,2025-02-11,10351,18264
BIHAR,2025-02-12,13680,18335
BIHAR,2025-03-09,8996,12677
BIHAR,2025-03-11,10258,18006
BIHAR,2025-03-12,11038,18353
BIHAR,2025-04-09,8717,13429
BIHAR,2025-04-11,2462,5148
BIHAR,2025-04-12,13616,21373
BIHAR,2025-05-09,2219,3367
BIHAR,2025-05-11,8136,13511
BIHAR,2025-05-12,6778,11194
BIHAR,2025-06-09,7987,11467
BIHAR,2025-06-11,18590,29709
BIHAR,2025-06-12,7650,12410
BIHAR,2025-07-09,691,970
BIHAR,2025-07-11,6612,11474
BIHAR,2025-07-12,10081,16020
BIHAR,2025-08-09,8233,11678
BIHAR,2025-08-11,4240,6968
BIHAR,2025-08-12,9201,13511
BIHAR,2025-09-09,10368,14989
BIHAR,2025-09-11,7485,12330
BIHAR,2025-09-12,17984,26299
BIHAR,2025-10-09,11538,20294
BIHAR,2025-10-11,10576,17411
BIHAR,2025-10-12,7886,11441
BIHAR,2025-11-09,7990,13896
BIHAR,2025-11-11,9371,16198
BIHAR,2025-11-12,12001,17066
BIHAR,2025-12-09,9124,14660
BIHAR,2025-12-11,5315,8844
BIHAR,2025-12-12,13717,19267
CHANDIGARH,2025-01-03,3053,3377
CHANDIGARH,2025-01-04,4587,3334
CHANDIGARH,2025-01-05,3424,3142
CHANDIGARH,2025-01-06,2184,3046
CHANDIGARH,2025-01-07,27837,4710
CHANDIGARH,2025-01-09,176,114
CHANDIGARH,2025-01-11,151,125
CHANDIGARH,2025-01-12,173,112
CHANDIGARH,2025-02-09,106,74
CHANDIGARH,2025-02-11,197,94
CHANDIGARH,2025-02-12,178,141
CHANDIGARH,2025-03-09,85,72
CHANDIGARH,2025-03-11,176,172
CHANDIGARH,2025-03-12,96,100
CHANDIGARH,2025-04-09,136,137
CHANDIGARH,2025-04-11,48,32
CHANDIGARH,2025-04-12,144,161
CHANDIGARH,2025-05-09,124,108
CHANDIGARH,2025-05-11,70,106
CHANDIGARH,2025-05-12,66,84
CHANDIGARH,2025-06-09,88,60
CHANDIGARH,2025-06-11,161,163
CHANDIGARH,2025-06-12,77,66
CHANDIGARH,2025-07-09,34,27
CHANDIGARH,2025-07-11,68,88
CHANDIGARH,2025-07-12,97,127
CHANDIGARH,2025-08-09,55,75
CHANDIGARH,2025-08-11,54,63
CHANDIGARH,2025-08-12,78,128
CHANDIGARH,2025-09-09,127,143
CHANDIGARH,2025-09-11,70,77
CHANDIGARH,2025-09-12,87,139
CHANDIGARH,2025-10-09,157,151
CHANDIGARH,2025-10-11,122,148
CHANDIGARH,2025-10-12,41,48
CHANDIGARH,2025-11-09,152,127
CHANDIGARH,2025-11-11,83,136
CHANDIGARH,2025-11-12,91,118
CHANDIGARH,2025-12-09,119,111
CHANDIGARH,2025-12-11,66,94
CHANDIGARH,2025-12-12,109,119
CHHATISGARH,2025-08-12,0,1
CHHATISGARH,2025-11-12,0,1
CHHATISGARH,2025-12-11,1,0
CHHATTISGARH,2025-01-03,37255,134137
CHHATTISGARH,2025-01-04,48023,239706
CHHATTISGARH,2025-01-05,50698,216018
CHHATTISGARH,2025-01-06,83928,275986
CHHATTISGARH,2025-01-07,80588,265979
CHHATTISGARH,2025-01-09,2622,9921
CHHATTISGARH,2025-01-11,9194,12243
CHHATTISGARH,2025-01-12,12643,8359
CHHATTISGARH,2025-02-09,1504,6159
CHHATTISGARH,2025-02-11,14628,13913
CHHATTISGARH,2025-02-12,10940,8812
CHHATTISGARH,2025-03-09,2073,7647
CHHATTISGARH,2025-03-11,15031,14151
CHHATTISGARH,2025-03-12,8462,7776
CHHATTISGARH,2025-04-09,2296,8575
CHHATTISGARH,2025-04-11,781,1039
CHHATTISGARH,2025-04-12,13551,12293
CHHATTISGARH,2025-05-09,763,2375
CHHATTISGARH,2025-05-11,6308,6720
CHHATTISGARH,2025-05-12,7909,6143
CHHATTISGARH,2025-06-09,1799,6199
CHHATTISGARH,2025-06-11,15666,14805
CHHATTISGARH,2025-06-12,8010,5509
CHHATTISGARH,2025-07-09,316,1373
CHHATTISGARH,2025-07-11,5159,5282
CHHATTISGARH,2025-07-12,10221,8061
CHHATTISGARH,2025-08-09,2944,9505
CHHATTISGARH,2025-08-11,5519,4539
CHHATTISGARH,2025-08-12,12958,7905
CHHATTISGARH,2025-09-09,3409,10499
CHHATTISGARH,2025-09-11,8662,7667
CHHATTISGARH,2025-09-12,22896,14185
CHHATTISGARH,2025-10-09,3775,11580
CHHATTISGARH,2025-10-11,12048,11238
CHHATTISGARH,2025-10-12,11249,6304
CHHATTISGARH,2025-11-09,3156,9112
CHHATTISGARH,2025-11-11,10345,10793
CHHATTISGARH,2025-11-12,16082,10232
CHHATTISGARH,2025-12-09,3400,10012
CHHATTISGARH,2025-12-11,5935,6995
CHHATTISGARH,2025-12-12,16100,10498
DADRA & NAGAR HAVELI,2025-01-03,13,126
DADRA & NAGAR HAVELI,2025-01-05,12,103
DADRA & NAGAR HAVELI,2025-01-09,4,6
DADRA & NAGAR HAVELI,2025-01-11,1,11
DADRA & NAGAR HAVELI,2025-01-12,0,2
DADRA & NAGAR HAVELI,2025-02-09,1,5
DADRA & NAGAR HAVELI,2025-02-11,0,2
DADRA & NAGAR HAVELI,2025-02-12,1,8
DADRA & NAGAR HAVELI,2025-03-09,1,5
DADRA & NAGAR HAVELI,2025-03-11,3,2
DADRA & NAGAR HAVELI,2025-03-12,0,2
DADRA & NAGAR HAVELI,2025-04-09,0,3
DADRA & NAGAR HAVELI,2025-04-11,1,1
DADRA & NAGAR HAVELI,2025-04-12,0,6
DADRA & NAGAR HAVELI,2025-05-09,0,1
DADRA & NAGAR HAVELI,2025-05-11,2,0
DADRA & NAGAR HAVELI,2025-05-12,1,2
DADRA & NAGAR HAVELI,2025-06-11,1,3
DADRA & NAGAR HAVELI,2025-06-12,0,1
DADRA & NAGAR HAVELI,2025-07-11,1,5
DADRA & NAGAR HAVELI,2025-07-12,0,2
DADRA & NAGAR HAVELI,2025-08-09,3,2
DADRA & NAGAR HAVELI,2025-08-11,1,4
DADRA & NAGAR HAVELI,2025-08-12,0,2
DADRA & NAGAR HAVELI,2025-09-09,1,4
DADRA & NAGAR HAVELI,2025-09-11,0,1
DADRA & NAGAR HAVELI,2025-09-12,0,7
DADRA & NAGAR HAVELI,2025-10-09,1,2
DADRA & NAGAR HAVELI,2025-10-11,1,5
DADRA & NAGAR HAVELI,2025-10-12,0,3
DADRA & NAGAR HAVELI,2025-11-09,2,4
DADRA & NAGAR HAVELI,2025-11-11,0,1
DADRA & NAGAR HAVELI,2025-11-12,0,7
DADRA & NAGAR HAVELI,2025-12-09,4,6
DADRA & NAGAR HAVELI,2025-12-11,0,2
DADRA & NAGAR HAVELI,2025-12-12,0,7
DADRA AND NAGAR HAVELI,2025-01-03,932,2268
DADRA AND NAGAR HAVELI,2025-01-04,1320,1962
DADRA AND NAGAR HAVELI,2025-01-05,1455,2134
DADRA AND NAGAR HAVELI,2025-01-06,1112,1979
DADRA AND NAGAR HAVELI,2025-01-07,962,2272
DADRA AND NAGAR HAVELI,2025-01-09,69,129
DADRA AND NAGAR HAVELI,2025-01-11,214,301
DADRA AND NAGAR HAVELI,2025-01-12,36,38
DADRA AND NAGAR HAVELI,2025-02-09,79,128
DADRA AND NAGAR HAVELI,2025-02-11,32,25
DADRA AND NAGAR HAVELI,2025-02-12,89,146
DADRA AND NAGAR HAVELI,2025-03-09,101,115
DADRA AND NAGAR HAVELI,2025-03-11,65,59
DADRA AND NAGAR HAVELI,2025-03-12,29,56
DADRA AND NAGAR HAVELI,2025-04-09,92,79
DADRA AND NAGAR HAVELI,2025-04-11,45,56
DADRA AND NAGAR HAVELI,2025-04-12,47,76
DADRA AND NAGAR HAVELI,2025-05-09,33,20
DADRA AND NAGAR HAVELI,2025-05-11,30,31
DADRA AND NAGAR HAVELI,2025-05-12,42,91
DADRA AND NAGAR HAVELI,2025-06-09,53,38
DADRA AND NAGAR HAVELI,2025-06-11,40,34
DADRA AND NAGAR HAVELI,2025-06-12,16,33
DADRA AND NAGAR HAVELI,2025-07-09,7,4
DADRA AND NAGAR HAVELI,2025-07-11,68,116
DADRA AND NAGAR HAVELI,2025-07-12,12,13
DADRA AND NAGAR HAVELI,2025-08-09,146,110
DADRA AND NAGAR HAVELI,2025-08-11,21,32
DADRA AND NAGAR HAVELI,2025-08-12,42,75
DADRA AND NAGAR HAVELI,2025-09-09,179,170
DADRA AND NAGAR HAVELI,2025-09-11,9,6
DADRA AND NAGAR HAVELI,2025-09-12,26,53
DADRA AND NAGAR HAVELI,2025-10-09,154,141
DADRA AND NAGAR HAVELI,2025-10-11,25,44
DADRA AND NAGAR HAVELI,2025-10-12,28,36
DADRA AND NAGAR HAVELI,2025-11-09,236,159
DADRA AND NAGAR HAVELI,2025-11-11,19,30
DADRA AND NAGAR HAVELI,2025-11-12,44,92
DADRA AND NAGAR HAVELI,2025-12-09,299,181
DADRA AND NAGAR HAVELI,2025-12-11,40,60
DADRA AND NAGAR HAVELI,2025-12-12,24,49
DADRA AND NAGAR HAVELI AND DAMAN AND DIU,2025-01-03,119,340
DADRA AND NAGAR HAVELI AND DAMAN AND DIU,2025-01-04,147,282
DADRA AND NAGAR HAVELI AND DAMAN AND DIU,2025-01-05,128,312
DADRA AND NAGAR HAVELI AND DAMAN AND DIU,2025-01-06,95,211
DADRA AND NAGAR HAVELI AND DAMAN AND DIU,2025-01-07,111,299
DADRA AND NAGAR HAVELI AND DAMAN AND DIU,2025-01-09,3,7
DADRA AND NAGAR HAVELI AND DAMAN AND DIU,2025-01-11,2,9
DADRA AND NAGAR HAVELI AND DAMAN AND DIU,2025-01-12,2,9
DADRA AND NAGAR HAVELI AND DAMAN AND DIU,2025-02-09,4,1
DADRA AND NAGAR HAVELI AND DAMAN AND DIU,2025-02-11,0,2
DADRA AND NAGAR HAVELI AND DAMAN AND DIU,2025-02-12,5,8
DADRA AND NAGAR HAVELI AND DAMAN AND DIU,2025-03-09,6,5
DADRA AND NAGAR HAVELI AND DAMAN AND DIU,2025-03-11,3,5
DADRA AND NAGAR HAVELI AND DAMAN AND DIU,2025-03-12,6,1
DADRA AND NAGAR HAVELI AND DAMAN AND DIU,2025-04-09,2,6
DADRA AND NAGAR HAVELI AND DAMAN AND DIU,2025-04-11,2,3
DADRA AND NAGAR HAVELI AND DAMAN AND DIU,2025-04-12,0,4
DADRA AND NAGAR HAVELI AND DAMAN AND DIU,2025-05-09,1,5
DADRA AND NAGAR HAVELI AND DAMAN AND DIU,2025-05-11,1,5
DADRA AND NAGAR HAVELI AND DAMAN AND DIU,2025-05-12,1,5
DADRA AND NAGAR HAVELI AND DAMAN AND DIU,2025-06-09,1,2
DADRA AND NAGAR HAVELI AND DAMAN AND DIU,2025-06-11,3,6
DADRA AND NAGAR HAVELI AND DAMAN AND DIU,2025-06-12,0,4
DADRA AND NAGAR HAVELI AND DAMAN AND DIU,2025-07-09,2,2
DADRA AND NAGAR HAVELI AND DAMAN AND DIU,2025-07-11,3,9
DADRA AND NAGAR HAVELI AND DAMAN AND DIU,2025-07-12,0,4
DADRA AND NAGAR HAVELI AND DAMAN AND DIU,2025-08-09,3,5
DADRA AND NAGAR HAVELI AND DAMAN AND DIU,2025-08-11,1,1
DADRA AND NAGAR HAVELI AND DAMAN AND DIU,2025-08-12,0,8
DADRA AND NAGAR HAVELI AND DAMAN AND DIU,2025-09-09,3,6
DADRA AND NAGAR HAVELI AND DAMAN AND DIU,2025-09-11,0,2
DADRA AND NAGAR HAVELI AND DAMAN AND DIU,2025-09-12,2,10
DADRA AND NAGAR HAVELI AND DAMAN AND DIU,2025-10-09,3,1
DADRA AND NAGAR HAVELI AND DAMAN AND DIU,2025-10-11,2,3
DADRA AND NAGAR HAVELI AND DAMAN AND DIU,2025-10-12,0,2
DADRA AND NAGAR HAVELI AND DAMAN AND DIU,2025-11-09,4,5
DADRA AND NAGAR HAVELI AND DAMAN AND DIU,2025-11-11,1,5
DADRA AND NAGAR HAVELI AND DAMAN AND DIU,2025-11-12,3,5
DADRA AND NAGAR HAVELI AND DAMAN AND DIU,2025-12-09,3,7
DADRA AND NAGAR HAVELI AND DAMAN AND DIU,2025-12-11,6,4
DADRA AND NAGAR HAVELI AND DAMAN AND DIU,2025-12-12,0,3
DAMAN & DIU,2025-01-03,88,279
DAMAN & DIU,2025-01-04,73,119
DAMAN & DIU,2025-01-05,86,216
DAMAN & DIU,2025-01-06,31,105
DAMAN & DIU,2025-01-07,46,299
DAMAN & DIU,2025-01-09,1,14
DAMAN & DIU,2025-01-11,8,30
DAMAN & DIU,2025-01-12,2,3
DAMAN & DIU,2025-02-09,1,5
DAMAN & DIU,2025-02-11,0,1
DAMAN & DIU,2025-02-12,10,25
DAMAN & DIU,2025-03-09,3,9
DAMAN & DIU,2025-03-11,3,5
DAMAN & DIU,2025-03-12,0,16
DAMAN & DIU,2025-04-09,2,10
DAMAN & DIU,2025-04-11,4,9
DAMAN & DIU,2025-04-12,4,18
DAMAN & DIU,2025-05-09,0,1
DAMAN & DIU,2025-05-11,6,9
DAMAN & DIU,2025-05-12,5,21
DAMAN & DIU,2025-06-09,0,1
DAMAN & DIU,2025-06-11,0,2
DAMAN & DIU,2025-06-12,1,6
DAMAN & DIU,2025-07-11,9,17
DAMAN & DIU,2025-08-09,3,8
DAMAN & DIU,2025-08-11,3,2
DAMAN & DIU,2025-08-12,2,18
DAMAN & DIU,2025-09-09,1,3
DAMAN & DIU,2025-09-12,0,13
DAMAN & DIU,2025-10-09,3,8
DAMAN & DIU,2025-10-11,2,5
DAMAN & DIU,2025-10-12,1,5
DAMAN & DIU,2025-11-09,7,7
DAMAN & DIU,2025-11-11,0,3
DAMAN & DIU,2025-11-12,1,22
DAMAN & DIU,2025-12-09,3,8
DAMAN & DIU,2025-12-11,23,8
DAMAN & DIU,2025-12-12,1,9
DAMAN AND DIU,2025-01-03,563,359
DAMAN AND DIU,2025-01-04,683,287
DAMAN AND DIU,2025-01-05,494,308
DAMAN AND DIU,2025-01-06,309,276
DAMAN AND DIU,2025-01-07,400,436
DAMAN AND DIU,2025-01-09,19,16
DAMAN AND DIU,2025-01-11,54,44
DAMAN AND DIU,2025-01-12,13,4
DAMAN AND DIU,2025-02-09,13,11
DAMAN AND DIU,2025-02-11,8,9
DAMAN AND DIU,2025-02-12,56,31
DAMAN AND DIU,2025-03-09,18,7
DAMAN AND DIU,2025-03-11,26,8
DAMAN AND DIU,2025-03-12,27,15
DAMAN AND DIU,2025-04-09,11,16
DAMAN AND DIU,2025-04-11,50,7
DAMAN AND DIU,2025-04-12,30,20
DAMAN AND DIU,2025-05-09,3,3
DAMAN AND DIU,2025-05-11,11,8
DAMAN AND DIU,2025-05-12,17,17
DAMAN AND DIU,2025-06-09,19,8
DAMAN AND DIU,2025-06-11,17,5
DAMAN AND DIU,2025-06-12,8,11
DAMAN AND DIU,2025-07-09,3,0
DAMAN AND DIU,2025-07-11,55,18
DAMAN AND DIU,2025-07-12,4,1
DAMAN AND DIU,2025-08-09,16,14
DAMAN AND DIU,2025-08-11,6,7
DAMAN AND DIU,2025-08-12,21,17
DAMAN AND DIU,2025-09-09,22,4
DAMAN AND DIU,2025-09-11,3,0
DAMAN AND DIU,2025-09-12,14,18
DAMAN AND DIU,2025-10-09,34,6
DAMAN AND DIU,2025-10-11,26,7
DAMAN AND DIU,2025-10-12,8,5
DAMAN AND DIU,2025-11-09,32,14
DAMAN AND DIU,2025-11-11,21,4
DAMAN AND DIU,2025-11-12,16,29
DAMAN AND DIU,2025-12-09,58,10
DAMAN AND DIU,2025-12-11,74,12
DAMAN AND DIU,2025-12-12,12,14
DELHI,2025-01-03,62172,102196
DELHI,2025-01-04,122032,151934
DELHI,2025-01-05,75023,112635
DELHI,2025-01-06,51352,84750
DELHI,2025-01-07,68606,104102
DELHI,2025-01-09,2697,3553
DELHI,2025-01-11,1692,2395
DELHI,2025-01-12,2679,2409
DELHI,2025-02-09,1813,2035
DELHI,2025-02-11,2154,2604
DELHI,2025-02-12,3158,2913
DELHI,2025-03-09,2121,2560
DELHI,2025-03-11,2417,2963
DELHI,2025-03-12,2364,3081
DELHI,2025-04-09,3173,3295
DELHI,2025-04-11,1515,2031
DELHI,2025-04-12,2262,2824
DELHI,2025-05-09,686,769
DELHI,2025-05-11,1456,2057
DELHI,2025-05-12,1659,2339
DELHI,2025-06-09,3559,3254
DELHI,2025-06-11,2934,3662
DELHI,2025-06-12,2471,2702
DELHI,2025-07-09,661,701
DELHI,2025-07-11,1663,2304
DELHI,2025-07-12,1509,1790
DELHI,2025-08-09,2785,3291
DELHI,2025-08-11,1365,1628
DELHI,2025-08-12,2502,3321
DELHI,2025-09-09,2981,3184
DELHI,2025-09-11,1437,1682
DELHI,2025-09-12,3761,4146
DELHI,2025-10-09,3136,3191
DELHI,2025-10-11,2542,3077
DELHI,2025-10-12,1858,2019
DELHI,2025-11-09,3103,3275
DELHI,2025-11-11,2160,2874
DELHI,2025-11-12,2592,2826
DELHI,2025-12-09,3089,3283
DELHI,2025-12-11,1920,2352
DELHI,2025-12-12,3022,2954
GOA,2025-01-03,4037,4946
GOA,2025-01-04,4793,4519
GOA,2025-01-05,4251,4477
GOA,2025-01-06,2713,4640
GOA,2025-01-07,2563,4837
GOA,2025-01-09,328,206
GOA,2025-01-11,284,136
GOA,2025-01-12,237,113
GOA,2025-02-09,100,103
GOA,2025-02-11,126,81
GOA,2025-02-12,508,179
GOA,2025-03-09,87,149
GOA,2025-03-11,221,126
GOA,2025-03-12,144,91
GOA,2025-04-09,173,166
GOA,2025-04-11,295,196
GOA,2025-04-12,209,102
GOA,2025-05-09,114,116
GOA,2025-05-11,204,180
GOA,2025-05-12,200,155
GOA,2025-06-09,78,115
GOA,2025-06-11,290,194
GOA,2025-06-12,191,132
GOA,2025-07-09,2,8
GOA,2025-07-11,251,199
GOA,2025-07-12,80,52
GOA,2025-08-09,112,169
GOA,2025-08-11,236,145
GOA,2025-08-12,213,221
GOA,2025-09-09,135,205
GOA,2025-09-11,147,47
GOA,2025-09-12,297,255
GOA,2025-10-09,116,201
GOA,2025-10-11,361,169
GOA,2025-10-12,165,118
GOA,2025-11-09,126,158
GOA,2025-11-11,364,157
GOA,2025-11-12,225,147
GOA,2025-12-09,121,139
GOA,2025-12-11,390,213
GOA,2025-12-12,281,194
GUJARAT,2025-01-03,167890,228501
GUJARAT,2025-01-04,163791,210519
GUJARAT,2025-01-05,212970,239937
GUJARAT,2025-01-06,206071,231290
GUJARAT,2025-01-07,250482,291392
GUJARAT,2025-01-09,7710,11268
GUJARAT,2025-01-11,10812,15052
GUJARAT,2025-01-12,8324,6390
GUJARAT,2025-02-09,5637,8103
GUJARAT,2025-02-11,2625,3632
GUJARAT,2025-02-12,18593,15425
GUJARAT,2025-03-09,6336,8949
GUJARAT,2025-03-11,5229,7048
GUJARAT,2025-03-12,6533,6770
GUJARAT,2025-04-09,5528,8124
GUJARAT,2025-04-11,6262,7817
GUJARAT,2025-04-12,8287,8477
GUJARAT,2025-05-09,356,448
GUJARAT,2025-05-11,3521,4533
GUJARAT,2025-05-12,11354,11456
GUJARAT,2025-06-09,4177,5740
GUJARAT,2025-06-11,4684,5835
GUJARAT,2025-06-12,5492,5229
GUJARAT,2025-07-09,247,319
GUJARAT,2025-07-11,11173,14444
GUJARAT,2025-07-12,1569,1795
GUJARAT,2025-08-09,6212,9799
GUJARAT,2025-08-11,4342,5291
GUJARAT,2025-08-12,10895,11423
GUJARAT,2025-09-09,6815,10509
GUJARAT,2025-09-11,1103,1303
GUJARAT,2025-09-12,7115,7910
GUJARAT,2025-10-09,7591,10424
GUJARAT,2025-10-11,5596,7334
GUJARAT,2025-10-12,3895,3929
GUJARAT,2025-11-09,7902,10474
GUJARAT,2025-11-11,2875,3527
GUJARAT,2025-11-12,10546,11134
GUJARAT,2025-12-09,8042,10281
GUJARAT,2025-12-11,6846,9311
GUJARAT,2025-12-12,6258,5948
HARYANA,2025-01-03,68047,123327
HARYANA,2025-01-04,89177,127465
HARYANA,2025-01-05,61904,108908
HARYANA,2025-01-06,55616,109656
HARYANA,2025-01-07,122995,144330
HARYANA,2025-01-09,4231,4005
HARYANA,2025-01-11,3215,4781
HARYANA,2025-01-12,5931,4589
HARYANA,2025-02-09,3521,3483
HARYANA,2025-02-11,4439,6191
HARYANA,2025-02-12,5457,5211
HARYANA,2025-03-09,3827,3636
HARYANA,2025-03-11,4390,6393
HARYANA,2025-03-12,4633,5596
HARYANA,2025-04-09,3629,3487
HARYANA,2025-04-11,1272,1664
HARYANA,2025-04-12,3803,4460
HARYANA,2025-05-09,4079,3771
HARYANA,2025-05-11,2398,3141
HARYANA,2025-05-12,3017,3992
HARYANA,2025-06-09,2699,2317
HARYANA,2025-06-11,6701,8035
HARYANA,2025-06-12,2895,3324
HARYANA,2025-07-09,179,173
HARYANA,2025-07-11,3084,4030
HARYANA,2025-07-12,3084,3780
HARYANA,2025-08-09,4851,4855
HARYANA,2025-08-11,2469,3129
HARYANA,2025-08-12,3214,4306
HARYANA,2025-09-09,4916,4751
HARYANA,2025-09-11,2863,3753
HARYANA,2025-09-12,4795,6076
HARYANA,2025-10-09,3612,3874
HARYANA,2025-10-11,4313,5078
HARYANA,2025-10-12,4240,4831
HARYANA,2025-11-09,4504,4461
HARYANA,2025-11-11,4226,5429
HARYANA,2025-11-12,4904,5639
HARYANA,2025-12-09,4244,4665
HARYANA,2025-12-11,2829,3345
HARYANA,2025-12-12,5311,5967
HIMACHAL PRADESH,2025-01-03,23067,32385
HIMACHAL PRADESH,2025-01-04,22612,29429
HIMACHAL PRADESH,2025-01-05,11421,20633
HIMACHAL PRADESH,2025-01-06,13310,25629
HIMACHAL PRADESH,2025-01-07,16848,31566
HIMACHAL PRADESH,2025-01-09,493,732
HIMACHAL PRADESH,2025-01-11,1952,803
HIMACHAL PRADESH,2025-01-12,2085,836
HIMACHAL PRADESH,2025-02-09,377,669
HIMACHAL PRADESH,2025-02-11,3406,1033
HIMACHAL PRADESH,2025-02-12,2079,992
HIMACHAL PRADESH,2025-03-09,327,575
HIMACHAL PRADESH,2025-03-11,2897,1202
HIMACHAL PRADESH,2025-03-12,2027,1061
HIMACHAL PRADESH,2025-04-09,430,848
HIMACHAL PRADESH,2025-04-11,320,253
HIMACHAL PRADESH,2025-04-12,1680,875
HIMACHAL PRADESH,2025-05-09,576,869
HIMACHAL PRADESH,2025-05-11,1395,638
HIMACHAL PRADESH,2025-05-12,1263,781
HIMACHAL PRADESH,2025-06-09,508,664
HIMACHAL PRADESH,2025-06-11,3889,1465
HIMACHAL PRADESH,2025-06-12,1209,806
HIMACHAL PRADESH,2025-07-09,21,40
HIMACHAL PRADESH,2025-07-11,1804,824
HIMACHAL PRADESH,2025-07-12,1441,912
HIMACHAL PRADESH,2025-08-09,352,1206
HIMACHAL PRADESH,2025-08-11,1102,484
HIMACHAL PRADESH,2025-08-12,939,856
HIMACHAL PRADESH,2025-09-09,499,1171
HIMACHAL PRADESH,2025-09-11,1376,661
HIMACHAL PRADESH,2025-09-12,1605,1139
HIMACHAL PRADESH,2025-10-09,509,926
HIMACHAL PRADESH,2025-10-11,1899,894
HIMACHAL PRADESH,2025-10-12,1076,800
HIMACHAL PRADESH,2025-11-09,845,1055
HIMACHAL PRADESH,2025-11-11,1743,815
HIMACHAL PRADESH,2025-11-12,1315,1046
HIMACHAL PRADESH,2025-12-09,962,1154
HIMACHAL PRADESH,2025-12-11,1341,634
HIMACHAL PRADESH,2025-12-12,1012,915
JAMMU & KASHMIR,2025-01-09,0,2
JAMMU & KASHMIR,2025-01-11,2,6
JAMMU & KASHMIR,2025-01-12,2,1
JAMMU & KASHMIR,2025-02-09,1,2
JAMMU & KASHMIR,2025-02-11,1,3
JAMMU & KASHMIR,2025-02-12,5,5
JAMMU & KASHMIR,2025-03-09,1,4
JAMMU & KASHMIR,2025-03-11,0,5
JAMMU & KASHMIR,2025-03-12,2,4
JAMMU & KASHMIR,2025-04-09,2,5
JAMMU & KASHMIR,2025-04-11,1,6
JAMMU & KASHMIR,2025-04-12,3,1
JAMMU & KASHMIR,2025-05-09,0,2
JAMMU & KASHMIR,2025-05-11,3,2
JAMMU & KASHMIR,2025-05-12,1,6
JAMMU & KASHMIR,2025-06-09,2,4
JAMMU & KASHMIR,2025-06-11,0,5
JAMMU & KASHMIR,2025-06-12,1,5
JAMMU & KASHMIR,2025-07-11,2,2
JAMMU & KASHMIR,2025-07-12,1,3
JAMMU & KASHMIR,2025-08-09,0,4
JAMMU & KASHMIR,2025-08-11,1,6
JAMMU & KASHMIR,2025-08-12,2,3
JAMMU & KASHMIR,2025-09-09,2,9
JAMMU & KASHMIR,2025-09-11,3,1
JAMMU & KASHMIR,2025-09-12,0,7
JAMMU & KASHMIR,2025-10-09,0,2
JAMMU & KASHMIR,2025-10-11,0,4
JAMMU & KASHMIR,2025-10-12,2,8
JAMMU & KASHMIR,2025-11-09,0,6
JAMMU & KASHMIR,2025-11-11,1,4
JAMMU & KASHMIR,2025-11-12,2,3
JAMMU & KASHMIR,2025-12-09,0,5
JAMMU & KASHMIR,2025-12-11,2,3
JAMMU & KASHMIR,2025-12-12,1,5
JAMMU AND KASHMIR,2025-01-03,35456,62843
JAMMU AND KASHMIR,2025-01-04,36268,53664
JAMMU AND KASHMIR,2025-01-05,36095,41203
JAMMU AND KASHMIR,2025-01-06,38896,40319
JAMMU AND KASHMIR,2025-01-07,48013,54238
JAMMU AND KASHMIR,2025-01-09,1675,1774
JAMMU AND KASHMIR,2025-01-11,2846,1265
JAMMU AND KASHMIR,2025-01-12,3057,908
JAMMU AND KASHMIR,2025-02-09,1331,1470
JAMMU AND KASHMIR,2025-02-11,2511,1175
JAMMU AND KASHMIR,2025-02-12,5721,1740
JAMMU AND KASHMIR,2025-03-09,722,665
JAMMU AND KASHMIR,2025-03-11,1890,1100
JAMMU AND KASHMIR,2025-03-12,5459,2234
JAMMU AND KASHMIR,2025-04-09,1284,1386
JAMMU AND KASHMIR,2025-04-11,4757,2077
JAMMU AND KASHMIR,2025-04-12,3774,1676
JAMMU AND KASHMIR,2025-05-09,844,816
JAMMU AND KASHMIR,2025-05-11,1891,1201
JAMMU AND KASHMIR,2025-05-12,3011,1666
JAMMU AND KASHMIR,2025-06-09,811,900
JAMMU AND KASHMIR,2025-06-11,2536,1616
JAMMU AND KASHMIR,2025-06-12,3529,1922
JAMMU AND KASHMIR,2025-07-09,74,95
JAMMU AND KASHMIR,2025-07-11,4081,2151
JAMMU AND KASHMIR,2025-07-12,1890,1109
JAMMU AND KASHMIR,2025-08-09,1200,1504
JAMMU AND KASHMIR,2025-08-11,3241,1525
JAMMU AND KASHMIR,2025-08-12,3433,1825
JAMMU AND KASHMIR,2025-09-09,1731,1820
JAMMU AND KASHMIR,2025-09-11,1222,679
JAMMU AND KASHMIR,2025-09-12,3956,2079
JAMMU AND KASHMIR,2025-10-09,1267,1318
JAMMU AND KASHMIR,2025-10-11,3023,1249
JAMMU AND KASHMIR,2025-10-12,3362,1694
JAMMU AND KASHMIR,2025-11-09,1407,1418
JAMMU AND KASHMIR,2025-11-11,2791,1139
JAMMU AND KASHMIR,2025-11-12,3370,1947
JAMMU AND KASHMIR,2025-12-09,453,362
JAMMU AND KASHMIR,2025-12-11,5107,1979
JAMMU AND KASHMIR,2025-12-12,3588,2061
JHARKHAND,2025-01-03,142789,187497
JHARKHAND,2025-01-04,185766,193196
JHARKHAND,2025-01-05,99271,133125
JHARKHAND,2025-01-06,82593,116336
JHARKHAND,2025-01-07,95157,161641
JHARKHAND,2025-01-09,5039,7364
JHARKHAND,2025-01-11,1098,1675
JHARKHAND,2025-01-12,4456,4126
JHARKHAND,2025-02-09,5133,7355
JHARKHAND,2025-02-11,4115,6459
JHARKHAND,2025-02-12,5617,5632
JHARKHAND,2025-03-09,976,1506
JHARKHAND,2025-03-11,4066,6619
JHARKHAND,2025-03-12,5277,6514
JHARKHAND,2025-04-09,1683,2557
JHARKHAND,2025-04-11,942,1700
JHARKHAND,2025-04-12,5095,6327
JHARKHAND,2025-05-09,484,872
JHARKHAND,2025-05-11,2853,4757
JHARKHAND,2025-05-12,2990,4071
JHARKHAND,2025-06-09,2857,3727
JHARKHAND,2025-06-11,6878,10394
JHARKHAND,2025-06-12,3018,3509
JHARKHAND,2025-07-09,455,676
JHARKHAND,2025-07-11,3157,4794
JHARKHAND,2025-07-12,3677,4672
JHARKHAND,2025-08-09,4611,6802
JHARKHAND,2025-08-11,2457,3755
JHARKHAND,2025-08-12,2864,3972
JHARKHAND,2025-09-09,5180,7407
JHARKHAND,2025-09-11,3460,5333
JHARKHAND,2025-09-12,4405,5845
JHARKHAND,2025-10-09,3788,5342
JHARKHAND,2025-10-11,3672,5750
JHARKHAND,2025-10-12,3619,4398
JHARKHAND,2025-11-09,4873,6296
JHARKHAND,2025-11-11,3503,5769
JHARKHAND,2025-11-12,4554,5311
JHARKHAND,2025-12-09,4972,6551
JHARKHAND,2025-12-11,3990,6406
JHARKHAND,2025-12-12,4554,5386
KARNATAKA,2025-01-03,134538,177591
KARNATAKA,2025-01-04,136997,163406
KARNATAKA,2025-01-05,185952,168074
KARNATAKA,2025-01-06,158782,178722
KARNATAKA,2025-01-07,165546,208816
KARNATAKA,2025-01-09,5609,7119
KARNATAKA,2025-01-11,3702,5116
KARNATAKA,2025-01-12,5105,3337
KARNATAKA,2025-02-09,6341,9133
KARNATAKA,2025-02-11,4773,5566
KARNATAKA,2025-02-12,14454,9704
KARNATAKA,2025-03-09,5041,6912
KARNATAKA,2025-03-11,2839,3894
KARNATAKA,2025-03-12,8047,8391
KARNATAKA,2025-04-09,5577,7385
KARNATAKA,2025-04-11,4291,5876
KARNATAKA,2025-04-12,4310,4498
KARNATAKA,2025-05-09,1537,1637
KARNATAKA,2025-05-11,7862,10535
KARNATAKA,2025-05-12,10090,10617
KARNATAKA,2025-06-09,4076,3757
KARNATAKA,2025-06-11,6844,8227
KARNATAKA,2025-06-12,9260,8525
KARNATAKA,2025-07-09,1395,1243
KARNATAKA,2025-07-11,4021,4883
KARNATAKA,2025-07-12,3948,3644
KARNATAKA,2025-08-09,6333,7832
KARNATAKA,2025-08-11,9586,10586
KARNATAKA,2025-08-12,6429,6531
KARNATAKA,2025-09-09,5273,7576
KARNATAKA,2025-09-11,1585,1564
KARNATAKA,2025-09-12,7124,7879
KARNATAKA,2025-10-09,3773,5594
KARNATAKA,2025-10-11,6967,7225
KARNATAKA,2025-10-12,6738,7127
KARNATAKA,2025-11-09,4852,7368
KARNATAKA,2025-11-11,3731,4303
KARNATAKA,2025-11-12,8273,8216
KARNATAKA,2025-12-09,4136,7356
KARNATAKA,2025-12-11,7793,8898
KARNATAKA,2025-12-12,7542,7476
KERALA,2025-01-03,67246,105479
KERALA,2025-01-04,78509,101809
KERALA,2025-01-05,128235,119256
KERALA,2025-01-06,90606,132577
KERALA,2025-01-07,72628,158692
KERALA,2025-01-09,4246,5710
KERALA,2025-01-11,1015,2169
KERALA,2025-01-12,2116,2274
KERALA,2025-02-09,4848,5922
KERALA,2025-02-11,3287,3800
KERALA,2025-02-12,6691,5935
KERALA,2025-03-09,3613,4120
KERALA,2025-03-11,1031,3163
KERALA,2025-03-12,4107,6629
KERALA,2025-04-09,790,996
KERALA,2025-04-11,2310,6913
KERALA,2025-04-12,2707,5533
KERALA,2025-05-09,11,21
KERALA,2025-05-11,2291,6382
KERALA,2025-05-12,2437,5625
KERALA,2025-06-09,403,395
KERALA,2025-06-11,2225,6172
KERALA,2025-06-12,6921,8170
KERALA,2025-07-09,33,39
KERALA,2025-07-11,2079,5067
KERALA,2025-07-12,2315,2932
KERALA,2025-08-09,3047,6626
KERALA,2025-08-11,3943,5512
KERALA,2025-08-12,2606,4843
KERALA,2025-09-09,2861,6187
KERALA,2025-09-11,1528,2041
KERALA,2025-09-12,1456,3051
KERALA,2025-10-09,2088,4888
KERALA,2025-10-11,1334,3667
KERALA,2025-10-12,3673,4159
KERALA,2025-11-09,2536,5525
KERALA,2025-11-11,1557,4032
KERALA,2025-11-12,2668,3659
KERALA,2025-12-09,2622,5425
KERALA,2025-12-11,2544,6956
KERALA,2025-12-12,3375,4769
LADAKH,2025-01-03,458,498
LADAKH,2025-01-04,438,565
LADAKH,2025-01-05,236,316
LADAKH,2025-01-06,100,239
LADAKH,2025-01-07,127,525
LADAKH,2025-01-09,9,17
LADAKH,2025-01-11,6,3
LADAKH,2025-01-12,12,16
LADAKH,2025-02-09,2,2
LADAKH,2025-02-11,25,9
LADAKH,2025-02-12,14,16
LADAKH,2025-03-09,1,2
LADAKH,2025-03-11,17,12
LADAKH,2025-03-12,14,13
LADAKH,2025-04-09,6,13
LADAKH,2025-04-11,10,11
LADAKH,2025-04-12,21,7
LADAKH,2025-05-09,0,3
LADAKH,2025-05-11,11,8
LADAKH,2025-05-12,9,10
LADAKH,2025-06-09,6,6
LADAKH,2025-06-11,13,9
LADAKH,2025-06-12,15,13
LADAKH,2025-07-09,2,2
LADAKH,2025-07-11,6,8
LADAKH,2025-07-12,6,19
LADAKH,2025-08-09,2,12
LADAKH,2025-08-11,11,6
LADAKH,2025-08-12,12,16
LADAKH,2025-09-09,6,6
LADAKH,2025-09-11,9,7
LADAKH,2025-09-12,16,20
LADAKH,2025-10-09,7,11
LADAKH,2025-10-11,5,7
LADAKH,2025-10-12,8,9
LADAKH,2025-11-09,3,2
LADAKH,2025-11-11,13,9
LADAKH,2025-11-12,28,28
LADAKH,2025-12-09,17,6
LADAKH,2025-12-11,13,10
LADAKH,2025-12-12,13,18
LAKSHADWEEP,2025-01-03,198,227
LAKSHADWEEP,2025-01-04,386,320
LAKSHADWEEP,2025-01-05,330,371
LAKSHADWEEP,2025-01-06,221,353
LAKSHADWEEP,2025-01-07,138,470
LAKSHADWEEP,2025-01-09,1,14
LAKSHADWEEP,2025-01-11,3,5
LAKSHADWEEP,2025-01-12,17,13
LAKSHADWEEP,2025-02-09,7,7
LAKSHADWEEP,2025-02-11,11,4
LAKSHADWEEP,2025-02-12,29,13
LAKSHADWEEP,2025-03-09,3,8
LAKSHADWEEP,2025-03-11,8,6
LAKSHADWEEP,2025-03-12,14,13
LAKSHADWEEP,2025-04-09,1,5
LAKSHADWEEP,2025-04-11,10,12
LAKSHADWEEP,2025-04-12,7,11
LAKSHADWEEP,2025-05-11,13,18
LAKSHADWEEP,2025-05-12,15,18
LAKSHADWEEP,2025-06-09,4,9
LAKSHADWEEP,2025-06-11,6,6
LAKSHADWEEP,2025-06-12,16,15
LAKSHADWEEP,2025-07-09,7,1
LAKSHADWEEP,2025-07-11,6,6
LAKSHADWEEP,2025-07-12,14,20
LAKSHADWEEP,2025-08-09,15,24
LAKSHADWEEP,2025-08-11,5,15
LAKSHADWEEP,2025-08-12,11,12
LAKSHADWEEP,2025-09-09,4,15
LAKSHADWEEP,2025-09-11,4,7
LAKSHADWEEP,2025-09-12,9,17
LAKSHADWEEP,2025-10-09,18,14
LAKSHADWEEP,2025-10-11,2,6
LAKSHADWEEP,2025-10-12,8,18
LAKSHADWEEP,2025-11-09,5,9
LAKSHADWEEP,2025-11-11,9,10
LAKSHADWEEP,2025-11-12,16,14
LAKSHADWEEP,2025-12-09,5,6
LAKSHADWEEP,2025-12-11,24,20
LAKSHADWEEP,2025-12-12,7,14
MADHYA PRADESH,2025-01-03,294961,368397
MADHYA PRADESH,2025-01-04,501173,333497
MADHYA PRADESH,2025-01-05,469737,309327
MADHYA PRADESH,2025-01-06,538546,352585
MADHYA PRADESH,2025-01-07,536751,467284
MADHYA PRADESH,2025-01-09,13912,19678
MADHYA PRADESH,2025-01-11,6110,6585
MADHYA PRADESH,2025-01-12,23893,16531
MADHYA PRADESH,2025-02-09,11081,15589
MADHYA PRADESH,2025-02-11,17690,17118
MADHYA PRADESH,2025-02-12,19239,14884
MADHYA PRADESH,2025-03-09,10505,13539
MADHYA PRADESH,2025-03-11,18496,19568
MADHYA PRADESH,2025-03-12,15422,13817
MADHYA PRADESH,2025-04-09,12784,16602
MADHYA PRADESH,2025-04-11,1193,1783
MADHYA PRADESH,2025-04-12,19205,16068
MADHYA PRADESH,2025-05-09,952,1024
MADHYA PRADESH,2025-05-11,8183,10198
MADHYA PRADESH,2025-05-12,14444,11337
MADHYA PRADESH,2025-06-09,7175,8131
MADHYA PRADESH,2025-06-11,13575,14156
MADHYA PRADESH,2025-06-12,14051,11120
MADHYA PRADESH,2025-07-09,308,290
MADHYA PRADESH,2025-07-11,5643,7021
MADHYA PRADESH,2025-07-12,13034,10636
MADHYA PRADESH,2025-08-09,17897,22679
MADHYA PRADESH,2025-08-11,6552,7220
MADHYA PRADESH,2025-08-12,10999,10371
MADHYA PRADESH,2025-09-09,14824,17921
MADHYA PRADESH,2025-09-11,12900,14351
MADHYA PRADESH,2025-09-12,16060,14611
MADHYA PRADESH,2025-10-09,9169,10897
MADHYA PRADESH,2025-10-11,8726,9111
MADHYA PRADESH,2025-10-12,13555,11555
MADHYA PRADESH,2025-11-09,14035,16835
MADHYA PRADESH,2025-11-11,10474,12092
MADHYA PRADESH,2025-11-12,15933,14164
MADHYA PRADESH,2025-12-09,14084,16170
MADHYA PRADESH,2025-12-11,8837,9654
MADHYA PRADESH,2025-12-12,15981,14475
MAHARASHTRA,2025-01-03,300370,658779
MAHARASHTRA,2025-01-04,282523,563526
MAHARASHTRA,2025-01-05,300215,647561
MAHARASHTRA,2025-01-06,339273,678217
MAHARASHTRA,2025-01-07,453411,776958
MAHARASHTRA,2025-01-09,14394,17792
MAHARASHTRA,2025-01-11,15307,39256
MAHARASHTRA,2025-01-12,33333,25554
MAHARASHTRA,2025-02-09,18918,24144
MAHARASHTRA,2025-02-11,19905,46912
MAHARASHTRA,2025-02-12,40101,33157
MAHARASHTRA,2025-03-09,15655,22304
MAHARASHTRA,2025-03-11,15429,42254
MAHARASHTRA,2025-03-12,25837,31105
MAHARASHTRA,2025-04-09,20686,25750
MAHARASHTRA,2025-04-11,16271,44935
MAHARASHTRA,2025-04-12,29774,34898
MAHARASHTRA,2025-05-09,3187,3728
MAHARASHTRA,2025-05-11,26795,68721
MAHARASHTRA,2025-05-12,27309,36918
MAHARASHTRA,2025-06-09,8161,8124
MAHARASHTRA,2025-06-11,11324,25278
MAHARASHTRA,2025-06-12,25983,31730
MAHARASHTRA,2025-07-09,1366,1249
MAHARASHTRA,2025-07-11,19140,45190
MAHARASHTRA,2025-07-12,11130,13315
MAHARASHTRA,2025-08-09,28339,33854
MAHARASHTRA,2025-08-11,32840,68573
MAHARASHTRA,2025-08-12,17250,24180
MAHARASHTRA,2025-09-09,30306,28704
MAHARASHTRA,2025-09-11,14709,29572
MAHARASHTRA,2025-09-12,23515,30411
MAHARASHTRA,2025-10-09,29528,24160
MAHARASHTRA,2025-10-11,13808,26248
MAHARASHTRA,2025-10-12,26435,32196
MAHARASHTRA,2025-11-09,40047,26619
MAHARASHTRA,2025-11-11,21848,48036
MAHARASHTRA,2025-11-12,24392,29305
MAHARASHTRA,2025-12-09,49953,28258
MAHARASHTRA,2025-12-11,25476,52362
MAHARASHTRA,2025-12-12,25553,31461
MANIPUR,2025-01-03,5861,9805
MANIPUR,2025-01-04,8147,8721
MANIPUR,2025-01-05,8029,7773
MANIPUR,2025-01-06,5424,5876
MANIPUR,2025-01-07,52976,33778
MANIPUR,2025-01-09,435,545
MANIPUR,2025-01-11,1157,788
MANIPUR,2025-01-12,817,342
MANIPUR,2025-02-09,1127,777
MANIPUR,2025-02-11,2030,1270
MANIPUR,2025-02-12,1139,584
MANIPUR,2025-03-09,1085,356
MANIPUR,2025-03-11,1325,815
MANIPUR,2025-03-12,742,531
MANIPUR,2025-04-09,969,750
MANIPUR,2025-04-11,2485,1547
MANIPUR,2025-04-12,473,308
MANIPUR,2025-05-09,338,378
MANIPUR,2025-05-11,2117,1417
MANIPUR,2025-05-12,451,531
MANIPUR,2025-06-09,367,348
MANIPUR,2025-06-11,983,668
MANIPUR,2025-06-12,575,561
MANIPUR,2025-07-09,155,234
MANIPUR,2025-07-11,3147,1952
MANIPUR,2025-07-12,266,228
MANIPUR,2025-08-09,473,650
MANIPUR,2025-08-11,3074,1663
MANIPUR,2025-08-12,405,373
MANIPUR,2025-09-09,1016,436
MANIPUR,2025-09-11,1954,1074
MANIPUR,2025-09-12,434,386
MANIPUR,2025-10-09,1271,520
MANIPUR,2025-10-11,1724,987
MANIPUR,2025-10-12,401,328
MANIPUR,2025-11-09,1314,451
MANIPUR,2025-11-11,2493,1515
MANIPUR,2025-11-12,326,292
MANIPUR,2025-12-09,1284,371
MANIPUR,2025-12-11,2898,1755
MANIPUR,2025-12-12,417,313
MEGHALAYA,2025-01-03,3554,8263
MEGHALAYA,2025-01-04,4646,7219
MEGHALAYA,2025-01-05,3883,7343
MEGHALAYA,2025-01-06,3247,7592
MEGHALAYA,2025-01-07,5361,8999
MEGHALAYA,2025-01-09,174,243
MEGHALAYA,2025-01-11,104,84
MEGHALAYA,2025-01-12,148,82
MEGHALAYA,2025-02-09,193,293
MEGHALAYA,2025-02-11,36,29
MEGHALAYA,2025-02-12,235,161
MEGHALAYA,2025-03-09,152,187
MEGHALAYA,2025-03-11,313,166
MEGHALAYA,2025-03-12,162,115
MEGHALAYA,2025-04-09,155,280
MEGHALAYA,2025-04-11,499,205
MEGHALAYA,2025-04-12,175,144
MEGHALAYA,2025-05-09,221,201
MEGHALAYA,2025-05-11,747,221
MEGHALAYA,2025-05-12,191,142
MEGHALAYA,2025-06-09,45,78
MEGHALAYA,2025-06-11,213,94
MEGHALAYA,2025-06-12,129,115
MEGHALAYA,2025-07-09,1,11
MEGHALAYA,2025-07-11,296,119
MEGHALAYA,2025-07-12,38,43
MEGHALAYA,2025-08-09,228,260
MEGHALAYA,2025-08-11,52,84
MEGHALAYA,2025-08-12,225,143
MEGHALAYA,2025-09-09,212,262
MEGHALAYA,2025-09-11,54,36
MEGHALAYA,2025-09-12,284,159
MEGHALAYA,2025-10-09,157,276
MEGHALAYA,2025-10-11,278,124
MEGHALAYA,2025-10-12,215,105
MEGHALAYA,2025-11-09,126,237
MEGHALAYA,2025-11-11,384,209
MEGHALAYA,2025-11-12,157,120
MEGHALAYA,2025-12-09,247,313
MEGHALAYA,2025-12-11,458,196
MEGHALAYA,2025-12-12,160,98
MIZORAM,2025-01-03,40071,10998
MIZORAM,2025-01-04,17652,6583
MIZORAM,2025-01-05,4733,3187
MIZORAM,2025-01-06,3978,3406
MIZORAM,2025-01-07,4222,3939
MIZORAM,2025-01-09,166,136
MIZORAM,2025-01-11,114,59
MIZORAM,2025-01-12,359,40
MIZORAM,2025-02-09,411,244
MIZORAM,2025-02-11,56,26
MIZORAM,2025-02-12,557,100
MIZORAM,2025-03-09,188,126
MIZORAM,2025-03-11,96,76
MIZORAM,2025-03-12,383,86
MIZORAM,2025-04-09,256,185
MIZORAM,2025-04-11,74,71
MIZORAM,2025-04-12,568,144
MIZORAM,2025-05-09,92,68
MIZORAM,2025-05-11,96,55
MIZORAM,2025-05-12,252,104
MIZORAM,2025-06-09,106,51
MIZORAM,2025-06-11,72,45
MIZORAM,2025-06-12,260,81
MIZORAM,2025-07-09,14,5
MIZORAM,2025-07-11,142,115
MIZORAM,2025-07-12,74,24
MIZORAM,2025-08-09,169,164
MIZORAM,2025-08-11,69,43
MIZORAM,2025-08-12,185,90
MIZORAM,2025-09-09,155,139
MIZORAM,2025-09-11,31,24
MIZORAM,2025-09-12,264,73
MIZORAM,2025-10-09,157,104
MIZORAM,2025-10-11,35,45
MIZORAM,2025-10-12,152,72
MIZORAM,2025-11-09,124,94
MIZORAM,2025-11-11,126,97
MIZORAM,2025-11-12,147,73
MIZORAM,2025-12-09,119,81
MIZORAM,2025-12-11,240,106
MIZORAM,2025-12-12,137,84
NAGALAND,2025-01-03,3653,12240
NAGALAND,2025-01-04,3641,11227
NAGALAND,2025-01-05,2606,11561
NAGALAND,2025-01-06,2078,9247
NAGALAND,2025-01-07,3256,10608
NAGALAND,2025-01-09,100,366
NAGALAND,2025-01-11,178,153
NAGALAND,2025-01-12,66,122
NAGALAND,2025-02-09,150,442
NAGALAND,2025-02-11,142,132
NAGALAND,2025-02-12,348,310
NAGALAND,2025-03-09,89,372
NAGALAND,2025-03-11,268,252
NAGALAND,2025-03-12,374,350
NAGALAND,2025-04-09,154,349
NAGALAND,2025-04-11,124,147
NAGALAND,2025-04-12,235,223
NAGALAND,2025-05-09,79,179
NAGALAND,2025-05-11,199,241
NAGALAND,2025-05-12,444,376
NAGALAND,2025-06-09,132,257
NAGALAND,2025-06-11,169,206
NAGALAND,2025-06-12,521,329
NAGALAND,2025-07-09,4,28
NAGALAND,2025-07-11,451,385
NAGALAND,2025-07-12,81,124
NAGALAND,2025-08-09,99,570
NAGALAND,2025-08-11,469,246
NAGALAND,2025-08-12,462,343
NAGALAND,2025-09-09,128,424
NAGALAND,2025-09-11,123,95
NAGALAND,2025-09-12,436,465
NAGALAND,2025-10-09,106,387
NAGALAND,2025-10-11,148,245
NAGALAND,2025-10-12,265,311
NAGALAND,2025-11-09,223,370
NAGALAND,2025-11-11,392,381
NAGALAND,2025-11-12,231,274
NAGALAND,2025-12-09,219,393
NAGALAND,2025-12-11,252,447
NAGALAND,2025-12-12,253,404
ODISHA,2025-01-03,123467,220487
ODISHA,2025-01-04,130981,159881
ODISHA,2025-01-05,136703,152486
ODISHA,2025-01-06,134095,133730
ODISHA,2025-01-07,153158,164985
ODISHA,2025-01-09,8608,7798
ODISHA,2025-01-11,10227,5414
ODISHA,2025-01-12,9344,4433
ODISHA,2025-02-09,7923,7522
ODISHA,2025-02-11,3330,1952
ODISHA,2025-02-12,11713,4980
ODISHA,2025-03-09,5547,5622
ODISHA,2025-03-11,8570,5702
ODISHA,2025-03-12,5344,3592
ODISHA,2025-04-09,6955,7146
ODISHA,2025-04-11,7419,5197
ODISHA,2025-04-12,4705,3319
ODISHA,2025-05-09,3518,3379
ODISHA,2025-05-11,2135,1918
ODISHA,2025-05-12,10597,7849
ODISHA,2025-06-09,6123,6001
ODISHA,2025-06-11,4124,2565
ODISHA,2025-06-12,8392,6035
ODISHA,2025-07-09,252,244
ODISHA,2025-07-11,13994,7995
ODISHA,2025-07-12,992,723
ODISHA,2025-08-09,8001,7688
ODISHA,2025-08-11,9042,5299
ODISHA,2025-08-12,7514,5294
ODISHA,2025-09-09,7193,7145
ODISHA,2025-09-11,545,557
ODISHA,2025-09-12,6903,4602
ODISHA,2025-10-09,6397,6108
ODISHA,2025-10-11,7961,4929
ODISHA,2025-10-12,6759,4501
ODISHA,2025-11-09,6503,6195
ODISHA,2025-11-11,5331,3496
ODISHA,2025-11-12,6004,3988
ODISHA,2025-12-09,6177,6179
ODISHA,2025-12-11,9603,5694
ODISHA,2025-12-12,8284,5293
ORISSA,2025-01-03,1306,6777
ORISSA,2025-01-04,1429,5357
ORISSA,2025-01-05,1225,5022
ORISSA,2025-01-06,887,3369
ORISSA,2025-01-07,1484,5681
ORISSA,2025-01-09,106,480
ORISSA,2025-01-11,184,455
ORISSA,2025-01-12,101,250
ORISSA,2025-02-09,102,389
ORISSA,2025-02-11,37,153
ORISSA,2025-02-12,173,328
ORISSA,2025-03-09,67,301
ORISSA,2025-03-11,108,340
ORISSA,2025-03-12,86,210
ORISSA,2025-04-09,93,438
ORISSA,2025-04-11,74,245
ORISSA,2025-04-12,75,247
ORISSA,2025-05-09,49,146
ORISSA,2025-05-11,31,111
ORISSA,2025-05-12,128,482
ORISSA,2025-06-09,102,295
ORISSA,2025-06-11,97,224
ORISSA,2025-06-12,110,429
ORISSA,2025-07-09,5,22
ORISSA,2025-07-11,218,579
ORISSA,2025-07-12,9,44
ORISSA,2025-08-09,118,413
ORISSA,2025-08-11,96,335
ORISSA,2025-08-12,93,290
ORISSA,2025-09-09,102,457
ORISSA,2025-09-11,6,24
ORISSA,2025-09-12,62,287
ORISSA,2025-10-09,96,372
ORISSA,2025-10-11,101,346
ORISSA,2025-10-12,104,265
ORISSA,2025-11-09,84,429
ORISSA,2025-11-11,56,211
ORISSA,2025-11-12,80,260
ORISSA,2025-12-09,88,366
ORISSA,2025-12-11,141,399
ORISSA,2025-12-12,98,347
PONDICHERRY,2025-01-03,299,1978
PONDICHERRY,2025-01-04,345,1681
PONDICHERRY,2025-01-05,632,1678
PONDICHERRY,2025-01-06,445,1919
PONDICHERRY,2025-01-07,474,2432
PONDICHERRY,2025-01-09,43,263
PONDICHERRY,2025-01-11,48,229
PONDICHERRY,2025-01-12,49,82
PONDICHERRY,2025-02-09,44,264
PONDICHERRY,2025-02-11,38,143
PONDICHERRY,2025-02-12,54,143
PONDICHERRY,2025-03-09,40,233
PONDICHERRY,2025-03-11,31,171
PONDICHERRY,2025-03-12,28,120
PONDICHERRY,2025-04-09,52,336
PONDICHERRY,2025-04-11,31,126
PONDICHERRY,2025-04-12,40,99
PONDICHERRY,2025-05-09,39,84
PONDICHERRY,2025-05-11,33,252
PONDICHERRY,2025-05-12,33,147
PONDICHERRY,2025-06-09,43,122
PONDICHERRY,2025-06-11,20,183
PONDICHERRY,2025-06-12,53,207
PONDICHERRY,2025-07-09,3,4
PONDICHERRY,2025-07-11,52,476
PONDICHERRY,2025-07-12,11,31
PONDICHERRY,2025-08-09,56,329
PONDICHERRY,2025-08-11,52,216
PONDICHERRY,2025-08-12,30,126
PONDICHERRY,2025-09-09,59,295
PONDICHERRY,2025-09-11,10,31
PONDICHERRY,2025-09-12,30,109
PONDICHERRY,2025-10-09,37,263
PONDICHERRY,2025-10-11,39,248
PONDICHERRY,2025-10-12,24,121
PONDICHERRY,2025-11-09,40,215
PONDICHERRY,2025-11-11,33,217
PONDICHERRY,2025-11-12,27,116
PONDICHERRY,2025-12-09,58,267
PONDICHERRY,2025-12-11,48,308
PONDICHERRY,2025-12-12,22,117
PUDUCHERRY,2025-01-03,1212,2439
PUDUCHERRY,2025-01-04,1402,2214
PUDUCHERRY,2025-01-05,2231,2078
PUDUCHERRY,2025-01-06,1797,2401
PUDUCHERRY,2025-01-07,2111,2988
PUDUCHERRY,2025-01-09,209,205
PUDUCHERRY,2025-01-11,168,132
PUDUCHERRY,2025-01-12,234,63
PUDUCHERRY,2025-02-09,215,168
PUDUCHERRY,2025-02-11,151,66
PUDUCHERRY,2025-02-12,205,117
PUDUCHERRY,2025-03-09,195,196
PUDUCHERRY,2025-03-11,143,111
PUDUCHERRY,2025-03-12,98,92
PUDUCHERRY,2025-04-09,250,156
PUDUCHERRY,2025-04-11,146,126
PUDUCHERRY,2025-04-12,90,112
PUDUCHERRY,2025-05-09,205,55
PUDUCHERRY,2025-05-11,128,142
PUDUCHERRY,2025-05-12,108,95
PUDUCHERRY,2025-06-09,285,98
PUDUCHERRY,2025-06-11,72,101
PUDUCHERRY,2025-06-12,190,146
PUDUCHERRY,2025-07-09,9,1
PUDUCHERRY,2025-07-11,157,241
PUDUCHERRY,2025-07-12,46,29
PUDUCHERRY,2025-08-09,392,246
PUDUCHERRY,2025-08-11,211,126
PUDUCHERRY,2025-08-12,114,106
PUDUCHERRY,2025-09-09,271,188
PUDUCHERRY,2025-09-11,19,24
PUDUCHERRY,2025-09-12,122,109
PUDUCHERRY,2025-10-09,248,164
PUDUCHERRY,2025-10-11,143,160
PUDUCHERRY,2025-10-12,146,94
PUDUCHERRY,2025-11-09,272,170
PUDUCHERRY,2025-11-11,141,119
PUDUCHERRY,2025-11-12,158,99
PUDUCHERRY,2025-12-09,270,175
PUDUCHERRY,2025-12-11,163,204
PUDUCHERRY,2025-12-12,108,80
PUNJAB,2025-01-03,82015,178555
PUNJAB,2025-01-04,79601,132962
PUNJAB,2025-01-05,65415,129093
PUNJAB,2025-01-06,92330,129175
PUNJAB,2025-01-07,115529,162188
PUNJAB,2025-01-09,2389,3551
PUNJAB,2025-01-11,5670,5501
PUNJAB,2025-01-12,5947,3254
PUNJAB,2025-02-09,2074,2968
PUNJAB,2025-02-11,1770,1854
PUNJAB,2025-02-12,9662,5066
PUNJAB,2025-03-09,2957,3862
PUNJAB,2025-03-11,3373,3970
PUNJAB,2025-03-12,5459,3820
PUNJAB,2025-04-09,2546,3714
PUNJAB,2025-04-11,2772,3141
PUNJAB,2025-04-12,5224,3687
PUNJAB,2025-05-09,3350,4394
PUNJAB,2025-05-11,1326,2126
PUNJAB,2025-05-12,5500,4659
PUNJAB,2025-06-09,2290,2875
PUNJAB,2025-06-11,2399,2489
PUNJAB,2025-06-12,7570,6870
PUNJAB,2025-07-09,103,141
PUNJAB,2025-07-11,6716,7316
PUNJAB,2025-07-12,923,1104
PUNJAB,2025-08-09,4214,6519
PUNJAB,2025-08-11,3220,3682
PUNJAB,2025-08-12,4828,4773
PUNJAB,2025-09-09,2529,5483
PUNJAB,2025-09-11,807,1291
PUNJAB,2025-09-12,5193,4799
PUNJAB,2025-10-09,2268,4686
PUNJAB,2025-10-11,3224,3529
PUNJAB,2025-10-12,5244,4825
PUNJAB,2025-11-09,3007,5664
PUNJAB,2025-11-11,3901,4577
PUNJAB,2025-11-12,5228,4696
PUNJAB,2025-12-09,2860,5719
PUNJAB,2025-12-11,3954,4613
PUNJAB,2025-12-12,5037,4514
RAJASTHAN,2025-01-03,170087,254119
RAJASTHAN,2025-01-04,146156,230758
RAJASTHAN,2025-01-05,127873,196188
RAJASTHAN,2025-01-06,197243,219452
RAJASTHAN,2025-01-07,357417,292699
RAJASTHAN,2025-01-09,13927,10372
RAJASTHAN,2025-01-11,7675,11785
RAJASTHAN,2025-01-12,20049,14233
RAJASTHAN,2025-02-09,11774,5597
RAJASTHAN,2025-02-11,7892,12347
RAJASTHAN,2025-02-12,15581,13333
RAJASTHAN,2025-03-09,22983,9029
RAJASTHAN,2025-03-11,10489,16290
RAJASTHAN,2025-03-12,10873,12352
RAJASTHAN,2025-04-09,14710,5284
RAJASTHAN,2025-04-11,555,836
RAJASTHAN,2025-04-12,15032,15247
RAJASTHAN,2025-05-09,9974,3049
RAJASTHAN,2025-05-11,6212,8817
RAJASTHAN,2025-05-12,9840,10550
RAJASTHAN,2025-06-09,18220,5143
RAJASTHAN,2025-06-11,10403,13430
RAJASTHAN,2025-06-12,8327,8496
RAJASTHAN,2025-07-09,3334,959
RAJASTHAN,2025-07-11,7897,9726
RAJASTHAN,2025-07-12,5531,5923
RAJASTHAN,2025-08-09,49462,11364
RAJASTHAN,2025-08-11,6546,7143
RAJASTHAN,2025-08-12,10055,9688
RAJASTHAN,2025-09-09,46046,11749
RAJASTHAN,2025-09-11,9648,10412
RAJASTHAN,2025-09-12,13102,12366
RAJASTHAN,2025-10-09,36244,9511
RAJASTHAN,2025-10-11,15017,15843
RAJASTHAN,2025-10-12,11224,10302
RAJASTHAN,2025-11-09,41991,11998
RAJASTHAN,2025-11-11,14982,17649
RAJASTHAN,2025-11-12,13661,12714
RAJASTHAN,2025-12-09,39462,12150
RAJASTHAN,2025-12-11,9592,10765
RAJASTHAN,2025-12-12,13857,12557
SIKKIM,2025-01-03,2524,2030
SIKKIM,2025-01-04,2428,2108
SIKKIM,2025-01-05,1544,1428
SIKKIM,2025-01-06,823,1234
SIKKIM,2025-01-07,1090,1360
SIKKIM,2025-01-09,57,72
SIKKIM,2025-01-11,36,51
SIKKIM,2025-01-12,38,49
SIKKIM,2025-02-09,37,59
SIKKIM,2025-02-11,21,27
SIKKIM,2025-02-12,60,49
SIKKIM,2025-03-09,54,71
SIKKIM,2025-03-11,47,37
SIKKIM,2025-03-12,34,49
SIKKIM,2025-04-09,21,49
SIKKIM,2025-04-11,23,35
SIKKIM,2025-04-12,30,37
SIKKIM,2025-05-09,45,37
SIKKIM,2025-05-11,114,62
SIKKIM,2025-05-12,42,43
SIKKIM,2025-06-09,13,8
SIKKIM,2025-06-11,149,43
SIKKIM,2025-06-12,40,34
SIKKIM,2025-07-09,1,1
SIKKIM,2025-07-11,169,64
SIKKIM,2025-07-12,6,3
SIKKIM,2025-08-09,41,57
SIKKIM,2025-08-11,40,30
SIKKIM,2025-08-12,49,34
SIKKIM,2025-09-09,74,59
SIKKIM,2025-09-11,11,14
SIKKIM,2025-09-12,34,38
SIKKIM,2025-10-09,129,48
SIKKIM,2025-10-11,47,46
SIKKIM,2025-10-12,56,39
SIKKIM,2025-11-09,97,46
SIKKIM,2025-11-11,47,31
SIKKIM,2025-11-12,75,47
SIKKIM,2025-12-09,133,73
SIKKIM,2025-12-11,31,37
SIKKIM,2025-12-12,60,57
TAMIL NADU,2025-01-03,343791,336884
TAMIL NADU,2025-01-04,214780,276710
TAMIL NADU,2025-01-05,222396,269866
TAMIL NADU,2025-01-06,193182,318575
TAMIL NADU,2025-01-07,166708,386070
TAMIL NADU,2025-01-09,6519,12231
TAMIL NADU,2025-01-11,41199,22711
TAMIL NADU,2025-01-12,24409,10786
TAMIL NADU,2025-02-09,6579,10668
TAMIL NADU,2025-02-11,24023,11803
TAMIL NADU,2025-02-12,28095,12506
TAMIL NADU,2025-03-09,6044,9517
TAMIL NADU,2025-03-11,24427,13294
TAMIL NADU,2025-03-12,15121,9507
TAMIL NADU,2025-04-09,3898,5804
TAMIL NADU,2025-04-11,28968,15148
TAMIL NADU,2025-04-12,19556,13004
TAMIL NADU,2025-05-09,444,488
TAMIL NADU,2025-05-11,22692,14604
TAMIL NADU,2025-05-12,16752,11123
TAMIL NADU,2025-06-09,9342,7952
TAMIL NADU,2025-06-11,13224,9276
TAMIL NADU,2025-06-12,24338,13758
TAMIL NADU,2025-07-09,555,520
TAMIL NADU,2025-07-11,17778,12208
TAMIL NADU,2025-07-12,5917,3271
TAMIL NADU,2025-08-09,8201,13614
TAMIL NADU,2025-08-11,22915,12667
TAMIL NADU,2025-08-12,17576,13781
TAMIL NADU,2025-09-09,8670,12796
TAMIL NADU,2025-09-11,3193,1614
TAMIL NADU,2025-09-12,19123,14798
TAMIL NADU,2025-10-09,8259,12379
TAMIL NADU,2025-10-11,25182,16450
TAMIL NADU,2025-10-12,17924,15208
TAMIL NADU,2025-11-09,7549,12053
TAMIL NADU,2025-11-11,16737,13564
TAMIL NADU,2025-11-12,23583,16738
TAMIL NADU,2025-12-09,8135,12433
TAMIL NADU,2025-12-11,19046,21039
TAMIL NADU,2025-12-12,18711,14706
TELANGANA,2025-01-03,73930,95722
TELANGANA,2025-01-04,64734,77426
TELANGANA,2025-01-05,95442,71619
TELANGANA,2025-01-06,113794,91322
TELANGANA,2025-01-07,100558,126061
TELANGANA,2025-01-09,4210,6592
TELANGANA,2025-01-11,16858,11165
TELANGANA,2025-01-12,9715,3130
TELANGANA,2025-02-09,4299,6411
TELANGANA,2025-02-11,5436,3223
TELANGANA,2025-02-12,10557,3240
TELANGANA,2025-03-09,3939,5456
TELANGANA,2025-03-11,7202,4791
TELANGANA,2025-03-12,5603,2920
TELANGANA,2025-04-09,2986,3594
TELANGANA,2025-04-11,13581,7789
TELANGANA,2025-04-12,9024,4562
TELANGANA,2025-05-09,1237,1215
TELANGANA,2025-05-11,3288,2115
TELANGANA,2025-05-12,5112,3164
TELANGANA,2025-06-09,4427,3920
TELANGANA,2025-06-11,5271,3098
TELANGANA,2025-06-12,8860,5105
TELANGANA,2025-07-09,296,191
TELANGANA,2025-07-11,6853,3887
TELANGANA,2025-07-12,1835,1421
TELANGANA,2025-08-09,4906,5202
TELANGANA,2025-08-11,8188,3740
TELANGANA,2025-08-12,4264,2630
TELANGANA,2025-09-09,5204,5971
TELANGANA,2025-09-11,803,696
TELANGANA,2025-09-12,8473,4792
TELANGANA,2025-10-09,6650,6888
TELANGANA,2025-10-11,6399,3170
TELANGANA,2025-10-12,8217,4622
TELANGANA,2025-11-09,5088,5355
TELANGANA,2025-11-11,8370,4305
TELANGANA,2025-11-12,6420,3738
TELANGANA,2025-12-09,5864,6001
TELANGANA,2025-12-11,10583,6059
TELANGANA,2025-12-12,5364,3189
TRIPURA,2025-01-03,33715,28124
TRIPURA,2025-01-04,27603,20012
TRIPURA,2025-01-05,13829,16140
TRIPURA,2025-01-06,15530,16963
TRIPURA,2025-01-07,12805,17862
TRIPURA,2025-01-09,444,823
TRIPURA,2025-01-11,1166,1233
TRIPURA,2025-01-12,1247,530
TRIPURA,2025-02-09,404,789
TRIPURA,2025-02-11,427,418
TRIPURA,2025-02-12,1346,562
TRIPURA,2025-03-09,419,721
TRIPURA,2025-03-11,608,616
TRIPURA,2025-03-12,1258,780
TRIPURA,2025-04-09,325,630
TRIPURA,2025-04-11,1074,1031
TRIPURA,2025-04-12,1173,737
TRIPURA,2025-05-09,32,107
TRIPURA,2025-05-11,822,778
TRIPURA,2025-05-12,658,546
TRIPURA,2025-06-09,329,600
TRIPURA,2025-06-11,755,658
TRIPURA,2025-06-12,644,530
TRIPURA,2025-07-09,25,80
TRIPURA,2025-07-11,674,614
TRIPURA,2025-07-12,306,225
TRIPURA,2025-08-09,311,636
TRIPURA,2025-08-11,370,342
TRIPURA,2025-08-12,548,476
TRIPURA,2025-09-09,317,544
TRIPURA,2025-09-11,154,100
TRIPURA,2025-09-12,924,740
TRIPURA,2025-10-09,410,804
TRIPURA,2025-10-11,572,491
TRIPURA,2025-10-12,1062,816
TRIPURA,2025-11-09,360,636
TRIPURA,2025-11-11,957,782
TRIPURA,2025-11-12,715,652
TRIPURA,2025-12-09,416,638
TRIPURA,2025-12-11,1109,939
TRIPURA,2025-12-12,911,797
UTTAR PRADESH,2025-01-03,746862,384642
UTTAR PRADESH,2025-01-04,859000,398448
UTTAR PRADESH,2025-01-05,703440,345438
UTTAR PRADESH,2025-01-06,522937,333518
UTTAR PRADESH,2025-01-07,902096,523905
UTTAR PRADESH,2025-01-09,26807,15260
UTTAR PRADESH,2025-01-11,38889,24601
UTTAR PRADESH,2025-01-12,63988,29304
UTTAR PRADESH,2025-02-09,28112,15678
UTTAR PRADESH,2025-02-11,46111,24739
UTTAR PRADESH,2025-02-12,48587,28551
UTTAR PRADESH,2025-03-09,28170,15864
UTTAR PRADESH,2025-03-11,48354,28336
UTTAR PRADESH,2025-03-12,31605,24836
UTTAR PRADESH,2025-04-09,25618,15012
UTTAR PRADESH,2025-04-11,4363,4759
UTTAR PRADESH,2025-04-12,37108,28279
UTTAR PRADESH,2025-05-09,4652,4021
UTTAR PRADESH,2025-05-11,25580,15205
UTTAR PRADESH,2025-05-12,17387,14875
UTTAR PRADESH,2025-06-09,27982,16372
UTTAR PRADESH,2025-06-11,53741,27675
UTTAR PRADESH,2025-06-12,17851,15110
UTTAR PRADESH,2025-07-09,4122,2915
UTTAR PRADESH,2025-07-11,21312,13240
UTTAR PRADESH,2025-07-12,25428,20291
UTTAR PRADESH,2025-08-09,28379,16605
UTTAR PRADESH,2025-08-11,17053,10320
UTTAR PRADESH,2025-08-12,19381,16430
UTTAR PRADESH,2025-09-09,28887,17083
UTTAR PRADESH,2025-09-11,28005,15701
UTTAR PRADESH,2025-09-12,35860,28859
UTTAR PRADESH,2025-10-09,32655,18056
UTTAR PRADESH,2025-10-11,30380,16408
UTTAR PRADESH,2025-10-12,27114,22790
UTTAR PRADESH,2025-11-09,41583,16974
UTTAR PRADESH,2025-11-11,46351,27764
UTTAR PRADESH,2025-11-12,30086,25480
UTTAR PRADESH,2025-12-09,51714,17349
UTTAR PRADESH,2025-12-11,33046,17631
UTTAR PRADESH,2025-12-12,30546,25788
UTTARAKHAND,2025-01-03,24684,36610
UTTARAKHAND,2025-01-04,33481,39991
UTTARAKHAND,2025-01-05,26291,36631
UTTARAKHAND,2025-01-06,25178,34599
UTTARAKHAND,2025-01-07,35973,47034
UTTARAKHAND,2025-01-09,1812,1071
UTTARAKHAND,2025-01-11,3180,2190
UTTARAKHAND,2025-01-12,12775,3169
UTTARAKHAND,2025-02-09,1273,948
UTTARAKHAND,2025-02-11,3505,2382
UTTARAKHAND,2025-02-12,12149,3726
UTTARAKHAND,2025-03-09,1729,1485
UTTARAKHAND,2025-03-11,3658,2346
UTTARAKHAND,2025-03-12,6725,2772
UTTARAKHAND,2025-04-09,1567,1479
UTTARAKHAND,2025-04-11,265,255
UTTARAKHAND,2025-04-12,7203,3226
UTTARAKHAND,2025-05-09,539,398
UTTARAKHAND,2025-05-11,1718,1468
UTTARAKHAND,2025-05-12,4254,2095
UTTARAKHAND,2025-06-09,2696,1928
UTTARAKHAND,2025-06-11,3866,2594
UTTARAKHAND,2025-06-12,3450,1368
UTTARAKHAND,2025-07-09,323,187
UTTARAKHAND,2025-07-11,1442,1265
UTTARAKHAND,2025-07-12,6433,2629
UTTARAKHAND,2025-08-09,2108,1899
UTTARAKHAND,2025-08-11,1511,1030
UTTARAKHAND,2025-08-12,4804,2086
UTTARAKHAND,2025-09-09,2413,1941
UTTARAKHAND,2025-09-11,2506,1522
UTTARAKHAND,2025-09-12,7634,3368
UTTARAKHAND,2025-10-09,2302,1948
UTTARAKHAND,2025-10-11,2565,1457
UTTARAKHAND,2025-10-12,7011,2705
UTTARAKHAND,2025-11-09,2333,1809
UTTARAKHAND,2025-11-11,3879,2477
UTTARAKHAND,2025-11-12,7466,3030
UTTARAKHAND,2025-12-09,2386,1676
UTTARAKHAND,2025-12-11,3374,1836
UTTARAKHAND,2025-12-12,7968,3207
UTTARANCHAL,2025-05-12,0,1
WEST  BENGAL,2025-01-09,0,1
WEST  BENGAL,2025-03-11,0,1
WEST  BENGAL,2025-04-09,0,1
WEST  BENGAL,2025-07-11,0,2
WEST  BENGAL,2025-11-11,1,0
WEST BANGAL,2025-02-09,0,3
WEST BANGAL,2025-02-12,0,1
WEST BANGAL,2025-03-09,1,1
WEST BANGAL,2025-03-12,0,2
WEST BANGAL,2025-04-09,0,1
WEST BANGAL,2025-04-12,0,1
WEST BANGAL,2025-05-09,0,1
WEST BANGAL,2025-05-12,0,1
WEST BANGAL,2025-06-09,1,0
WEST BANGAL,2025-06-11,0,1
WEST BANGAL,2025-07-11,0,3
WEST BANGAL,2025-08-09,0,3
WEST BANGAL,2025-08-12,1,1
WEST BANGAL,2025-09-12,0,1
WEST BANGAL,2025-10-09,0,2
WEST BANGAL,2025-11-11,1,2
WEST BANGAL,2025-12-09,0,1
WEST BANGAL,2025-12-11,1,2
WEST BANGAL,2025-12-12,1,0
WEST BENGAL,2025-01-03,101673,167202
WEST BENGAL,2025-01-04,96513,153919
WEST BENGAL,2025-01-05,127514,161746
WEST BENGAL,2025-01-06,121164,166538
WEST BENGAL,2025-01-07,190774,229187
WEST BENGAL,2025-01-09,7414,9786
WEST BENGAL,2025-01-11,6151,12226
WEST BENGAL,2025-01-12,4682,5060
WEST BENGAL,2025-02-09,8261,10668
WEST BENGAL,2025-02-11,5039,9528
WEST BENGAL,2025-02-12,9247,10119
WEST BENGAL,2025-03-09,7352,9766
WEST BENGAL,2025-03-11,3516,7516
WEST BENGAL,2025-03-12,5437,8169
WEST BENGAL,2025-04-09,6827,9412
WEST BENGAL,2025-04-11,5943,11839
WEST BENGAL,2025-04-12,5853,8332
WEST BENGAL,2025-05-09,3201,4840
WEST BENGAL,2025-05-11,3200,6980
WEST BENGAL,2025-05-12,4790,7500
WEST BENGAL,2025-06-09,7715,9882
WEST BENGAL,2025-06-11,4006,8130
WEST BENGAL,2025-06-12,2487,3522
WEST BENGAL,2025-07-09,1625,2147
WEST BENGAL,2025-07-11,6600,12921
WEST BENGAL,2025-07-12,3240,4370
WEST BENGAL,2025-08-09,6756,10034
WEST BENGAL,2025-08-11,4665,9169
WEST BENGAL,2025-08-12,4656,7888
WEST BENGAL,2025-09-09,7924,10709
WEST BENGAL,2025-09-11,2256,4305
WEST BENGAL,2025-09-12,5267,7987
WEST BENGAL,2025-10-09,7042,9933
WEST BENGAL,2025-10-11,3939,8016
WEST BENGAL,2025-10-12,4978,6978
WEST BENGAL,2025-11-09,7264,9576
WEST BENGAL,2025-11-11,5798,12492
WEST BENGAL,2025-11-12,6066,7668
WEST BENGAL,2025-12-09,7064,9444
WEST BENGAL,2025-12-11,5933,12601
WEST BENGAL,2025-12-12,6518,7331
WESTBENGAL,2025-01-09,0,2
WESTBENGAL,2025-01-12,1,0
WESTBENGAL,2025-02-11,0,2
WESTBENGAL,2025-02-12,1,2
WESTBENGAL,2025-03-09,0,1
WESTBENGAL,2025-03-11,0,1
WESTBENGAL,2025-03-12,1,0
WESTBENGAL,2025-04-12,0,2
WESTBENGAL,2025-05-12,1,0
WESTBENGAL,2025-07-09,0,1
WESTBENGAL,2025-10-11,0,2
WESTBENGAL,2025-11-09,0,1
WESTBENGAL,2025-12-09,0,2
WESTBENGAL,2025-12-11,1,2
