state,date,demo_age_5_17,demo_age_17_
ANDAMAN & NICOBAR ISLANDS,2025-01-09,0,18
ANDAMAN & NICOBAR ISLANDS,2025-01-11,0,10
ANDAMAN & NICOBAR ISLANDS,2025-01-12,0,18
ANDAMAN & NICOBAR ISLANDS,2025-02-09,0,25
ANDAMAN & NICOBAR ISLANDS,2025-02-11,0,3
ANDAMAN & NICOBAR ISLANDS,2025-02-12,0,16
ANDAMAN & NICOBAR ISLANDS,2025-03-09,1,28
ANDAMAN & NICOBAR ISLANDS,2025-03-11,1,21
ANDAMAN & NICOBAR ISLANDS,2025-03-12,0,22
ANDAMAN & NICOBAR ISLANDS,2025-04-09,0,13
ANDAMAN & NICOBAR ISLANDS,2025-04-11,0,23
ANDAMAN & NICOBAR ISLANDS,2025-04-12,0,38
ANDAMAN & NICOBAR ISLANDS,2025-05-09,0,17
ANDAMAN & NICOBAR ISLANDS,2025-05-11,0,7
ANDAMAN & NICOBAR ISLANDS,2025-05-12,1,19
ANDAMAN & NICOBAR ISLANDS,2025-06-09,0,9
ANDAMAN & NICOBAR ISLANDS,2025-06-11,0,10
ANDAMAN & NICOBAR ISLANDS,2025-06-12,0,1
ANDAMAN & NICOBAR ISLANDS,2025-07-11,0,21
ANDAMAN & NICOBAR ISLANDS,2025-07-12,0,7
ANDAMAN & NICOBAR ISLANDS,2025-08-09,0,24
ANDAMAN & NICOBAR ISLANDS,2025-08-11,0,5
ANDAMAN & NICOBAR ISLANDS,2025-08-12,0,10
ANDAMAN & NICOBAR ISLANDS,2025-09-09,0,8
ANDAMAN & NICOBAR ISLANDS,2025-09-11,0,1
ANDAMAN & NICOBAR ISLANDS,2025-09-12,1,12
ANDAMAN & NICOBAR ISLANDS,2025-10-09,0,2
ANDAMAN & NICOBAR ISLANDS,2025-10-11,0,26
ANDAMAN & NICOBAR ISLANDS,2025-10-12,0,12
ANDAMAN & NICOBAR ISLANDS,2025-11-09,0,19
ANDAMAN & NICOBAR ISLANDS,2025-11-11,0,15
ANDAMAN & NICOBAR ISLANDS,2025-11-12,0,39
ANDAMAN & NICOBAR ISLANDS,2025-12-09,0,15
ANDAMAN & NICOBAR ISLANDS,2025-12-11,0,22
ANDAMAN & NICOBAR ISLANDS,2025-12-12,0,6
ANDAMAN AND NICOBAR ISLANDS,2025-01-03,126,1212
ANDAMAN AND NICOBAR ISLANDS,2025-01-07,40,398
ANDAMAN AND NICOBAR ISLANDS,2025-01-09,2,86
ANDAMAN AND NICOBAR ISLANDS,2025-01-11,6,38
ANDAMAN AND NICOBAR ISLANDS,2025-01-12,6,59
ANDAMAN AND NICOBAR ISLANDS,2025-02-09,8,54
ANDAMAN AND NICOBAR ISLANDS,2025-02-11,9,29
ANDAMAN AND NICOBAR ISLANDS,2025-02-12,9,89
ANDAMAN AND NICOBAR ISLANDS,2025-03-09,3,75
ANDAMAN AND NICOBAR ISLANDS,2025-03-11,12,84
ANDAMAN AND NICOBAR ISLANDS,2025-03-12,6,132
ANDAMAN AND NICOBAR ISLANDS,2025-04-09,4,40
ANDAMAN AND NICOBAR ISLANDS,2025-04-11,3,21
ANDAMAN AND NICOBAR ISLANDS,2025-04-12,6,90
ANDAMAN AND NICOBAR ISLANDS,2025-05-09,7,33
ANDAMAN AND NICOBAR ISLANDS,2025-05-11,5,32
ANDAMAN AND NICOBAR ISLANDS,2025-05-12,6,49
ANDAMAN AND NICOBAR ISLANDS,2025-06-09,0,13
ANDAMAN AND NICOBAR ISLANDS,2025-06-11,8,56
ANDAMAN AND NICOBAR ISLANDS,2025-06-12,2,22
ANDAMAN AND NICOBAR ISLANDS,2025-07-09,0,4
ANDAMAN AND NICOBAR ISLANDS,2025-07-11,10,64
ANDAMAN AND NICOBAR ISLANDS,2025-07-12,11,44
ANDAMAN AND NICOBAR ISLANDS,2025-08-09,2,64
ANDAMAN AND NICOBAR ISLANDS,2025-08-11,3,22
ANDAMAN AND NICOBAR ISLANDS,2025-08-12,6,33
ANDAMAN AND NICOBAR ISLANDS,2025-09-09,11,64
ANDAMAN AND NICOBAR ISLANDS,2025-09-11,6,15
ANDAMAN AND NICOBAR ISLANDS,2025-09-12,5,77
ANDAMAN AND NICOBAR ISLANDS,2025-10-09,0,17
ANDAMAN AND NICOBAR ISLANDS,2025-10-11,4,80
ANDAMAN AND NICOBAR ISLANDS,2025-10-12,5,60
ANDAMAN AND NICOBAR ISLANDS,2025-11-09,3,47
ANDAMAN AND NICOBAR ISLANDS,2025-11-11,10,56
ANDAMAN AND NICOBAR ISLANDS,2025-11-12,10,110
ANDAMAN AND NICOBAR ISLANDS,2025-12-09,6,35
ANDAMAN AND NICOBAR ISLANDS,2025-12-11,2,51
ANDAMAN AND NICOBAR ISLANDS,2025-12-12,12,114
ANDHRA PRADESH,2025-01-03,48600,464440
ANDHRA PRADESH,2025-01-04,6699,42182
ANDHRA PRADESH,2025-01-05,24392,131412
ANDHRA PRADESH,2025-01-06,22824,109494
ANDHRA PRADESH,2025-01-07,12952,74539
ANDHRA PRADESH,2025-01-09,1614,17241
ANDHRA PRADESH,2025-01-11,5334,20425
ANDHRA PRADESH,2025-01-12,3455,15776
ANDHRA PRADESH,2025-02-09,1640,17779
ANDHRA PRADESH,2025-02-11,4870,7567
ANDHRA PRADESH,2025-02-12,5630,29010
ANDHRA PRADESH,2025-03-09,1572,15988
ANDHRA PRADESH,2025-03-11,4562,17279
ANDHRA PRADESH,2025-03-12,3122,20916
ANDHRA PRADESH,2025-04-09,1302,11544
ANDHRA PRADESH,2025-04-11,3637,16468
ANDHRA PRADESH,2025-04-12,3413,26265
ANDHRA PRADESH,2025-05-09,846,6624
ANDHRA PRADESH,2025-05-11,4389,11897
ANDHRA PRADESH,2025-05-12,1716,10705
ANDHRA PRADESH,2025-06-09,2310,19234
ANDHRA PRADESH,2025-06-11,2571,9844
ANDHRA PRADESH,2025-06-12,1584,9176
ANDHRA PRADESH,2025-07-09,141,886
ANDHRA PRADESH,2025-07-11,3907,16595
ANDHRA PRADESH,2025-07-12,4867,17055
ANDHRA PRADESH,2025-08-09,891,8464
ANDHRA PRADESH,2025-08-11,3462,11307
ANDHRA PRADESH,2025-08-12,2215,16478
ANDHRA PRADESH,2025-09-09,1671,15813
ANDHRA PRADESH,2025-09-11,2788,6086
ANDHRA PRADESH,2025-09-12,1428,11972
ANDHRA PRADESH,2025-10-09,1085,9135
ANDHRA PRADESH,2025-10-11,2034,14201
ANDHRA PRADESH,2025-10-12,1487,13012
ANDHRA PRADESH,2025-11-09,1453,12998
ANDHRA PRADESH,2025-11-11,2868,14009
ANDHRA PRADESH,2025-11-12,2819,20691
ANDHRA PRADESH,2025-12-09,1340,12805
ANDHRA PRADESH,2025-12-11,1751,10610
ANDHRA PRADESH,2025-12-12,3415,23521
ARUNACHAL PRADESH,2025-01-03,852,6957
ARUNACHAL PRADESH,2025-01-09,144,606
ARUNACHAL PRADESH,2025-01-11,99,232
ARUNACHAL PRADESH,2025-01-12,14,86
ARUNACHAL PRADESH,2025-02-09,127,707
ARUNACHAL PRADESH,2025-02-11,29,52
ARUNACHAL PRADESH,2025-02-12,99,522
ARUNACHAL PRADESH,2025-03-09,133,632
ARUNACHAL PRADESH,2025-03-11,101,465
ARUNACHAL PRADESH,2025-03-12,38,173
ARUNACHAL PRADESH,2025-04-09,99,480
ARUNACHAL PRADESH,2025-04-11,49,336
ARUNACHAL PRADESH,2025-04-12,64,303
ARUNACHAL PRADESH,2025-05-09,122,638
ARUNACHAL PRADESH,2025-05-11,52,140
ARUNACHAL PRADESH,2025-05-12,20,134
ARUNACHAL PRADESH,2025-06-09,82,330
ARUNACHAL PRADESH,2025-06-11,54,237
ARUNACHAL PRADESH,2025-06-12,12,54
ARUNACHAL PRADESH,2025-07-09,47,231
ARUNACHAL PRADESH,2025-07-11,51,256
ARUNACHAL PRADESH,2025-07-12,22,82
ARUNACHAL PRADESH,2025-08-09,128,534
ARUNACHAL PRADESH,2025-08-11,47,167
ARUNACHAL PRADESH,2025-08-12,48,327
ARUNACHAL PRADESH,2025-09-09,157,641
ARUNACHAL PRADESH,2025-09-11,27,116
ARUNACHAL PRADESH,2025-09-12,40,200
ARUNACHAL PRADESH,2025-10-09,86,384
ARUNACHAL PRADESH,2025-10-11,71,278
ARUNACHAL PRADESH,2025-10-12,63,279
ARUNACHAL PRADESH,2025-11-09,89,479
ARUNACHAL PRADESH,2025-11-11,24,216
ARUNACHAL PRADESH,2025-11-12,58,315
ARUNACHAL PRADESH,2025-12-09,137,428
ARUNACHAL PRADESH,2025-12-11,45,246
ARUNACHAL PRADESH,2025-12-12,38,305
ASSAM,2025-01-03,16692,185345
ASSAM,2025-01-04,348,4007
ASSAM,2025-01-05,176,1252
ASSAM,2025-01-06,195,2250
ASSAM,2025-01-07,4737,39711
ASSAM,2025-01-09,1479,13018
ASSAM,2025-01-11,865,8577
ASSAM,2025-01-12,617,7284
ASSAM,2025-02-09,1332,11844
ASSAM,2025-02-11,379,2933
ASSAM,2025-02-12,1105,12034
ASSAM,2025-03-09,1130,7913
ASSAM,2025-03-11,1060,10685
ASSAM,2025-03-12,665,7328
ASSAM,2025-04-09,1116,9390
ASSAM,2025-04-11,802,8806
ASSAM,2025-04-12,1033,12449
ASSAM,2025-05-09,1140,11060
ASSAM,2025-05-11,606,5706
ASSAM,2025-05-12,670,7825
ASSAM,2025-06-09,1535,11516
ASSAM,2025-06-11,676,7277
ASSAM,2025-06-12,310,3413
ASSAM,2025-07-09,226,2022
ASSAM,2025-07-11,579,7002
ASSAM,2025-07-12,404,4614
ASSAM,2025-08-09,1270,10300
ASSAM,2025-08-11,884,8313
ASSAM,2025-08-12,1207,15660
ASSAM,2025-09-09,1142,9352
ASSAM,2025-09-11,297,2731
ASSAM,2025-09-12,691,7987
ASSAM,2025-10-09,1158,9908
ASSAM,2025-10-11,542,6518
ASSAM,2025-10-12,924,12327
ASSAM,2025-11-09,714,6444
ASSAM,2025-11-11,437,5436
ASSAM,2025-11-12,805,9646
ASSAM,2025-12-09,587,4110
ASSAM,2025-12-11,401,4353
ASSAM,2025-12-12,1017,12737
BIHAR,2025-01-03,95221,991478
BIHAR,2025-01-04,2204,13096
BIHAR,2025-01-05,768,9424
BIHAR,2025-01-07,628,7889
BIHAR,2025-01-09,4736,55501
BIHAR,2025-01-11,3360,43657
BIHAR,2025-01-12,2340,23050
BIHAR,2025-02-09,5219,65863
BIHAR,2025-02-11,2217,23687
BIHAR,2025-02-12,5134,54552
BIHAR,2025-03-09,4305,58335
BIHAR,2025-03-11,5105,55686
BIHAR,2025-03-12,2952,25586
BIHAR,2025-04-09,3954,62407
BIHAR,2025-04-11,3819,59062
BIHAR,2025-04-12,5003,50689
BIHAR,2025-05-09,2977,61326
BIHAR,2025-05-11,3082,36336
BIHAR,2025-05-12,2666,27285
BIHAR,2025-06-09,5182,83128
BIHAR,2025-06-11,3356,32909
BIHAR,2025-06-12,2157,22491
BIHAR,2025-07-09,924,19461
BIHAR,2025-07-11,3497,40312
BIHAR,2025-07-12,2114,13438
BIHAR,2025-08-09,4784,86790
BIHAR,2025-08-11,4448,54081
BIHAR,2025-08-12,6487,62964
BIHAR,2025-09-09,4645,86133
BIHAR,2025-09-11,2433,19349
BIHAR,2025-09-12,3274,32164
BIHAR,2025-10-09,4632,87814
BIHAR,2025-10-11,2918,30976
BIHAR,2025-10-12,3145,33507
BIHAR,2025-11-09,3072,56129
BIHAR,2025-11-11,2633,22963
BIHAR,2025-11-12,3821,39186
BIHAR,2025-12-09,2525,44406
BIHAR,2025-12-11,2100,22918
BIHAR,2025-12-12,5943,55302
CHANDIGARH,2025-01-03,1296,8949
CHANDIGARH,2025-01-04,3917,10968
CHANDIGARH,2025-01-05,2338,9805
CHANDIGARH,2025-01-06,841,6796
CHANDIGARH,2025-01-07,2093,9487
CHANDIGARH,2025-01-09,27,201
CHANDIGARH,2025-01-11,18,195
CHANDIGARH,2025-01-12,7,76
CHANDIGARH,2025-02-09,56,257
CHANDIGARH,2025-02-11,15,130
CHANDIGARH,2025-02-12,42,402
CHANDIGARH,2025-03-09,32,287
CHANDIGARH,2025-03-11,56,483
CHANDIGARH,2025-03-12,30,210
CHANDIGARH,2025-04-09,71,388
CHANDIGARH,2025-04-11,44,333
CHANDIGARH,2025-04-12,48,389
CHANDIGARH,2025-05-09,28,224
CHANDIGARH,2025-05-11,32,232
CHANDIGARH,2025-05-12,11,103
CHANDIGARH,2025-06-09,35,240
CHANDIGARH,2025-06-11,52,397
CHANDIGARH,2025-06-12,27,216
CHANDIGARH,2025-07-09,8,60
CHANDIGARH,2025-07-11,33,277
CHANDIGARH,2025-07-12,17,231
CHANDIGARH,2025-08-09,49,332
CHANDIGARH,2025-08-11,30,243
CHANDIGARH,2025-08-12,64,606
CHANDIGARH,2025-09-09,59,358
CHANDIGARH,2025-09-11,41,262
CHANDIGARH,2025-09-12,16,138
CHANDIGARH,2025-10-09,20,240
CHANDIGARH,2025-10-11,32,288
CHANDIGARH,2025-10-12,15,160
CHANDIGARH,2025-11-09,41,320
CHANDIGARH,2025-11-11,25,220
CHANDIGARH,2025-11-12,45,509
CHANDIGARH,2025-12-09,37,227
CHANDIGARH,2025-12-11,15,192
CHANDIGARH,2025-12-12,52,716
CHHATISGARH,2025-04-12,0,2
CHHATTISGARH,2025-01-03,18699,282767
CHHATTISGARH,2025-01-04,6249,58305
CHHATTISGARH,2025-01-05,6011,62258
CHHATTISGARH,2025-01-06,27315,352128
CHHATTISGARH,2025-01-07,17056,146871
CHHATTISGARH,2025-01-09,811,11618
CHHATTISGARH,2025-01-11,816,10168
CHHATTISGARH,2025-01-12,776,7724
CHHATTISGARH,2025-02-09,866,11791
CHHATTISGARH,2025-02-11,678,2794
CHHATTISGARH,2025-02-12,1468,15005
CHHATTISGARH,2025-03-09,690,10062
CHHATTISGARH,2025-03-11,1912,12357
CHHATTISGARH,2025-03-12,1193,10063
CHHATTISGARH,2025-04-09,693,8511
CHHATTISGARH,2025-04-11,959,9650
CHHATTISGARH,2025-04-12,2278,23218
CHHATTISGARH,2025-05-09,326,3223
CHHATTISGARH,2025-05-11,894,4372
CHHATTISGARH,2025-05-12,1034,12667
CHHATTISGARH,2025-06-09,818,10326
CHHATTISGARH,2025-06-11,1149,7819
CHHATTISGARH,2025-06-12,1138,10075
CHHATTISGARH,2025-07-09,85,869
CHHATTISGARH,2025-07-11,1236,9184
CHHATTISGARH,2025-07-12,725,3137
CHHATTISGARH,2025-08-09,1327,17029
CHHATTISGARH,2025-08-11,1364,10441
CHHATTISGARH,2025-08-12,2863,30641
CHHATTISGARH,2025-09-09,1085,14185
CHHATTISGARH,2025-09-11,728,2504
CHHATTISGARH,2025-09-12,1486,16491
CHHATTISGARH,2025-10-09,1096,12987
CHHATTISGARH,2025-10-11,1361,10453
CHHATTISGARH,2025-10-12,1435,16998
CHHATTISGARH,2025-11-09,1008,11541
CHHATTISGARH,2025-11-11,1271,7183
CHHATTISGARH,2025-11-12,1297,14211
CHHATTISGARH,2025-12-09,667,8162
CHHATTISGARH,2025-12-11,1024,10034
CHHATTISGARH,2025-12-12,2463,26777
DADRA & NAGAR HAVELI,2025-01-09,0,2
DADRA & NAGAR HAVELI,2025-02-09,2,4
DADRA & NAGAR HAVELI,2025-02-11,0,2
DADRA & NAGAR HAVELI,2025-02-12,0,5
DADRA & NAGAR HAVELI,2025-03-09,3,0
DADRA & NAGAR HAVELI,2025-03-11,0,3
DADRA & NAGAR HAVELI,2025-03-12,0,1
DADRA & NAGAR HAVELI,2025-04-09,0,6
DADRA & NAGAR HAVELI,2025-04-11,0,12
DADRA & NAGAR HAVELI,2025-04-12,0,3
DADRA & NAGAR HAVELI,2025-05-09,0,1
DADRA & NAGAR HAVELI,2025-05-11,1,6
DADRA & NAGAR HAVELI,2025-06-11,0,4
DADRA & NAGAR HAVELI,2025-07-11,0,5
DADRA & NAGAR HAVELI,2025-07-12,0,3
DADRA & NAGAR HAVELI,2025-08-09,2,3
DADRA & NAGAR HAVELI,2025-08-11,0,6
DADRA & NAGAR HAVELI,2025-08-12,0,4
DADRA & NAGAR HAVELI,2025-09-09,1,4
DADRA & NAGAR HAVELI,2025-09-12,0,5
DADRA & NAGAR HAVELI,2025-10-09,2,1
DADRA & NAGAR HAVELI,2025-10-11,0,2
DADRA & NAGAR HAVELI,2025-10-12,0,2
DADRA & NAGAR HAVELI,2025-11-09,0,3
DADRA & NAGAR HAVELI,2025-11-12,0,1
DADRA & NAGAR HAVELI,2025-12-11,0,1
DADRA & NAGAR HAVELI,2025-12-12,0,6
DADRA AND NAGAR HAVELI,2025-01-03,49,593
DADRA AND NAGAR HAVELI,2025-01-04,156,966
DADRA AND NAGAR HAVELI,2025-01-09,13,12
DADRA AND NAGAR HAVELI,2025-01-11,2,8
DADRA AND NAGAR HAVELI,2025-01-12,6,33
DADRA AND NAGAR HAVELI,2025-02-09,19,75
DADRA AND NAGAR HAVELI,2025-02-11,7,2
DADRA AND NAGAR HAVELI,2025-02-12,0,17
DADRA AND NAGAR HAVELI,2025-03-09,1,2
DADRA AND NAGAR HAVELI,2025-03-11,33,79
DADRA AND NAGAR HAVELI,2025-03-12,16,48
DADRA AND NAGAR HAVELI,2025-04-09,30,46
DADRA AND NAGAR HAVELI,2025-04-11,2,13
DADRA AND NAGAR HAVELI,2025-04-12,16,86
DADRA AND NAGAR HAVELI,2025-05-09,26,20
DADRA AND NAGAR HAVELI,2025-05-11,28,30
DADRA AND NAGAR HAVELI,2025-05-12,2,6
DADRA AND NAGAR HAVELI,2025-06-09,45,41
DADRA AND NAGAR HAVELI,2025-06-11,52,99
DADRA AND NAGAR HAVELI,2025-06-12,13,32
DADRA AND NAGAR HAVELI,2025-07-09,0,6
DADRA AND NAGAR HAVELI,2025-07-11,38,57
DADRA AND NAGAR HAVELI,2025-07-12,10,18
DADRA AND NAGAR HAVELI,2025-08-09,23,69
DADRA AND NAGAR HAVELI,2025-08-11,8,84
DADRA AND NAGAR HAVELI,2025-08-12,14,86
DADRA AND NAGAR HAVELI,2025-09-09,20,61
DADRA AND NAGAR HAVELI,2025-09-11,12,14
DADRA AND NAGAR HAVELI,2025-09-12,9,42
DADRA AND NAGAR HAVELI,2025-10-09,2,13
DADRA AND NAGAR HAVELI,2025-10-11,8,49
DADRA AND NAGAR HAVELI,2025-10-12,10,37
DADRA AND NAGAR HAVELI,2025-11-09,32,70
DADRA AND NAGAR HAVELI,2025-11-11,8,24
DADRA AND NAGAR HAVELI,2025-11-12,7,37
DADRA AND NAGAR HAVELI,2025-12-11,23,86
DADRA AND NAGAR HAVELI,2025-12-12,19,56
DADRA AND NAGAR HAVELI AND DAMAN AND DIU,2025-01-03,69,728
DADRA AND NAGAR HAVELI AND DAMAN AND DIU,2025-01-09,4,40
DADRA AND NAGAR HAVELI AND DAMAN AND DIU,2025-01-11,0,14
DADRA AND NAGAR HAVELI AND DAMAN AND DIU,2025-01-12,1,21
DADRA AND NAGAR HAVELI AND DAMAN AND DIU,2025-02-09,4,55
DADRA AND NAGAR HAVELI AND DAMAN AND DIU,2025-02-11,5,32
DADRA AND NAGAR HAVELI AND DAMAN AND DIU,2025-02-12,2,8
DADRA AND NAGAR HAVELI AND DAMAN AND DIU,2025-03-09,4,31
DADRA AND NAGAR HAVELI AND DAMAN AND DIU,2025-03-11,4,47
DADRA AND NAGAR HAVELI AND DAMAN AND DIU,2025-03-12,1,25
DADRA AND NAGAR HAVELI AND DAMAN AND DIU,2025-04-09,1,35
DADRA AND NAGAR HAVELI AND DAMAN AND DIU,2025-04-11,0,4
DADRA AND NAGAR HAVELI AND DAMAN AND DIU,2025-04-12,0,39
DADRA AND NAGAR HAVELI AND DAMAN AND DIU,2025-05-09,0,8
DADRA AND NAGAR HAVELI AND DAMAN AND DIU,2025-05-11,2,58
DADRA AND NAGAR HAVELI AND DAMAN AND DIU,2025-05-12,0,14
DADRA AND NAGAR HAVELI AND DAMAN AND DIU,2025-06-09,2,31
DADRA AND NAGAR HAVELI AND DAMAN AND DIU,2025-06-11,9,108
DADRA AND NAGAR HAVELI AND DAMAN AND DIU,2025-06-12,6,27
DADRA AND NAGAR HAVELI AND DAMAN AND DIU,2025-07-09,2,3
DADRA AND NAGAR HAVELI AND DAMAN AND DIU,2025-07-11,5,37
DADRA AND NAGAR HAVELI AND DAMAN AND DIU,2025-07-12,4,23
DADRA AND NAGAR HAVELI AND DAMAN AND DIU,2025-08-09,1,29
DADRA AND NAGAR HAVELI AND DAMAN AND DIU,2025-08-11,4,69
DADRA AND NAGAR HAVELI AND DAMAN AND DIU,2025-08-12,0,31
DADRA AND NAGAR HAVELI AND DAMAN AND DIU,2025-09-09,2,32
DADRA AND NAGAR HAVELI AND DAMAN AND DIU,2025-09-11,0,36
DADRA AND NAGAR HAVELI AND DAMAN AND DIU,2025-09-12,0,20
DADRA AND NAGAR HAVELI AND DAMAN AND DIU,2025-10-09,6,55
DADRA AND NAGAR HAVELI AND DAMAN AND DIU,2025-10-11,0,23
DADRA AND NAGAR HAVELI AND DAMAN AND DIU,2025-10-12,4,40
DADRA AND NAGAR HAVELI AND DAMAN AND DIU,2025-11-09,3,45
DADRA AND NAGAR HAVELI AND DAMAN AND DIU,2025-11-11,0,19
DADRA AND NAGAR HAVELI AND DAMAN AND DIU,2025-11-12,1,14
DADRA AND NAGAR HAVELI AND DAMAN AND DIU,2025-12-09,10,55
DADRA AND NAGAR HAVELI AND DAMAN AND DIU,2025-12-11,3,22
DADRA AND NAGAR HAVELI AND DAMAN AND DIU,2025-12-12,3,47
DAMAN & DIU,2025-01-09,1,9
DAMAN & DIU,2025-01-11,1,6
DAMAN & DIU,2025-01-12,0,8
DAMAN & DIU,2025-02-09,1,13
DAMAN & DIU,2025-02-12,0,5
DAMAN & DIU,2025-03-09,0,1
DAMAN & DIU,2025-03-11,0,9
DAMAN & DIU,2025-03-12,0,15
DAMAN & DIU,2025-04-09,1,4
DAMAN & DIU,2025-04-11,0,11
DAMAN & DIU,2025-04-12,0,12
DAMAN & DIU,2025-05-11,0,4
DAMAN & DIU,2025-06-09,2,10
DAMAN & DIU,2025-06-11,0,9
DAMAN & DIU,2025-06-12,0,9
DAMAN & DIU,2025-07-11,0,7
DAMAN & DIU,2025-07-12,0,3
DAMAN & DIU,2025-08-09,3,16
DAMAN & DIU,2025-08-11,0,5
DAMAN & DIU,2025-08-12,1,9
DAMAN & DIU,2025-09-09,2,14
DAMAN & DIU,2025-09-12,0,5
DAMAN & DIU,2025-10-09,1,3
DAMAN & DIU,2025-10-11,0,9
DAMAN & DIU,2025-10-12,0,8
DAMAN & DIU,2025-11-09,0,9
DAMAN & DIU,2025-11-11,0,7
DAMAN & DIU,2025-11-12,0,2
DAMAN & DIU,2025-12-09,1,13
DAMAN & DIU,2025-12-11,0,2
DAMAN & DIU,2025-12-12,0,13
DAMAN AND DIU,2025-01-03,18,186
DAMAN AND DIU,2025-01-09,0,12
DAMAN AND DIU,2025-01-11,4,7
DAMAN AND DIU,2025-01-12,1,1
DAMAN AND DIU,2025-02-09,2,19
DAMAN AND DIU,2025-02-11,2,2
DAMAN AND DIU,2025-02-12,5,23
DAMAN AND DIU,2025-03-09,2,19
DAMAN AND DIU,2025-03-11,1,15
DAMAN AND DIU,2025-03-12,0,8
DAMAN AND DIU,2025-04-09,2,18
DAMAN AND DIU,2025-04-11,12,26
DAMAN AND DIU,2025-04-12,4,26
DAMAN AND DIU,2025-05-09,0,3
DAMAN AND DIU,2025-05-11,6,13
DAMAN AND DIU,2025-05-12,0,2
DAMAN AND DIU,2025-06-09,4,21
DAMAN AND DIU,2025-06-11,7,21
DAMAN AND DIU,2025-06-12,4,18
DAMAN AND DIU,2025-07-09,1,0
DAMAN AND DIU,2025-07-11,2,18
DAMAN AND DIU,2025-07-12,0,9
DAMAN AND DIU,2025-08-09,0,14
DAMAN AND DIU,2025-08-11,4,10
DAMAN AND DIU,2025-08-12,2,32
DAMAN AND DIU,2025-09-09,2,20
DAMAN AND DIU,2025-09-11,5,3
DAMAN AND DIU,2025-09-12,0,22
DAMAN AND DIU,2025-10-09,6,22
DAMAN AND DIU,2025-10-11,2,12
DAMAN AND DIU,2025-10-12,1,0
DAMAN AND DIU,2025-11-09,7,24
DAMAN AND DIU,2025-11-11,0,3
DAMAN AND DIU,2025-11-12,1,23
DAMAN AND DIU,2025-12-09,5,20
DAMAN AND DIU,2025-12-11,2,19
DAMAN AND DIU,2025-12-12,2,19
DELHI,2025-01-03,24234,242085
DELHI,2025-01-04,45578,267173
DELHI,2025-01-05,18132,113854
DELHI,2025-01-06,16863,122835
DELHI,2025-01-07,29267,156976
DELHI,2025-01-09,603,3914
DELHI,2025-01-11,471,4911
DELHI,2025-01-12,256,2637
DELHI,2025-02-09,692,4473
DELHI,2025-02-11,404,2880
DELHI,2025-02-12,421,4661
DELHI,2025-03-09,527,2834
DELHI,2025-03-11,730,5975
DELHI,2025-03-12,679,6197
DELHI,2025-04-09,662,3809
DELHI,2025-04-11,442,4968
DELHI,2025-04-12,697,7382
DELHI,2025-05-09,288,2551
DELHI,2025-05-11,434,3345
DELHI,2025-05-12,392,3998
DELHI,2025-06-09,799,4503
DELHI,2025-06-11,669,4998
DELHI,2025-06-12,465,5146
DELHI,2025-07-09,147,1062
DELHI,2025-07-11,545,5061
DELHI,2025-07-12,359,3259
DELHI,2025-08-09,707,4115
DELHI,2025-08-11,583,5396
DELHI,2025-08-12,937,9406
DELHI,2025-09-09,789,4249
DELHI,2025-09-11,368,2657
DELHI,2025-09-12,475,5237
DELHI,2025-10-09,786,4342
DELHI,2025-10-11,422,4242
DELHI,2025-10-12,332,3739
DELHI,2025-11-09,717,4197
DELHI,2025-11-11,502,4243
DELHI,2025-11-12,559,6512
DELHI,2025-12-09,522,2874
DELHI,2025-12-11,364,3784
DELHI,2025-12-12,911,8637
GOA,2025-01-03,1223,6348
GOA,2025-01-09,37,341
GOA,2025-01-11,39,308
GOA,2025-01-12,12,133
GOA,2025-02-09,28,361
GOA,2025-02-11,12,128
GOA,2025-02-12,22,436
GOA,2025-03-09,18,340
GOA,2025-03-11,33,333
GOA,2025-03-12,23,269
GOA,2025-04-09,22,328
GOA,2025-04-11,41,391
GOA,2025-04-12,37,493
GOA,2025-05-09,18,207
GOA,2025-05-11,42,291
GOA,2025-05-12,34,306
GOA,2025-06-09,10,221
GOA,2025-06-11,48,542
GOA,2025-06-12,18,257
GOA,2025-07-09,0,12
GOA,2025-07-11,40,409
GOA,2025-07-12,22,170
GOA,2025-08-09,27,438
GOA,2025-08-11,41,328
GOA,2025-08-12,54,630
GOA,2025-09-09,24,410
GOA,2025-09-11,23,140
GOA,2025-09-12,22,393
GOA,2025-10-09,12,431
GOA,2025-10-11,17,429
GOA,2025-10-12,9,293
GOA,2025-11-09,23,390
GOA,2025-11-11,18,270
GOA,2025-11-12,28,442
GOA,2025-12-09,19,299
GOA,2025-12-11,15,313
GOA,2025-12-12,50,531
GUJARAT,2025-01-03,67041,387337
GUJARAT,2025-01-04,7381,65229
GUJARAT,2025-01-05,14688,116133
GUJARAT,2025-01-06,7858,59569
GUJARAT,2025-01-07,9325,80157
GUJARAT,2025-01-09,1058,12314
GUJARAT,2025-01-11,807,8823
GUJARAT,2025-01-12,640,5272
GUJARAT,2025-02-09,1609,17672
GUJARAT,2025-02-11,757,4365
GUJARAT,2025-02-12,1147,13276
GUJARAT,2025-03-09,1300,11971
GUJARAT,2025-03-11,1648,11692
GUJARAT,2025-03-12,1604,16137
GUJARAT,2025-04-09,1249,10933
GUJARAT,2025-04-11,1312,12825
GUJARAT,2025-04-12,1801,18489
GUJARAT,2025-05-09,317,3650
GUJARAT,2025-05-11,1148,7397
GUJARAT,2025-05-12,1300,11921
GUJARAT,2025-06-09,1116,7961
GUJARAT,2025-06-11,2438,16319
GUJARAT,2025-06-12,1693,12930
GUJARAT,2025-07-09,92,909
GUJARAT,2025-07-11,2035,14504
GUJARAT,2025-07-12,870,5463
GUJARAT,2025-08-09,1643,14000
GUJARAT,2025-08-11,1500,13227
GUJARAT,2025-08-12,1944,19366
GUJARAT,2025-09-09,1805,15698
GUJARAT,2025-09-11,791,3233
GUJARAT,2025-09-12,1018,10459
GUJARAT,2025-10-09,1843,16688
GUJARAT,2025-10-11,978,10288
GUJARAT,2025-10-12,920,10293
GUJARAT,2025-11-09,1815,16226
GUJARAT,2025-11-11,1082,8630
GUJARAT,2025-11-12,1270,14444
GUJARAT,2025-12-09,1524,12920
GUJARAT,2025-12-11,1188,11080
GUJARAT,2025-12-12,2260,22662
HARYANA,2025-01-03,20543,166720
HARYANA,2025-01-04,18749,107844
HARYANA,2025-01-05,15613,98868
HARYANA,2025-01-06,12398,98921
HARYANA,2025-01-07,18456,126076
HARYANA,2025-01-09,601,4764
HARYANA,2025-01-11,564,4734
HARYANA,2025-01-12,420,3440
HARYANA,2025-02-09,628,4983
HARYANA,2025-02-11,616,3335
HARYANA,2025-02-12,669,5781
HARYANA,2025-03-09,570,4301
HARYANA,2025-03-11,1021,6864
HARYANA,2025-03-12,1028,8529
HARYANA,2025-04-09,572,3545
HARYANA,2025-04-11,511,5068
HARYANA,2025-04-12,1174,9238
HARYANA,2025-05-09,669,4161
HARYANA,2025-05-11,536,3108
HARYANA,2025-05-12,761,7100
HARYANA,2025-06-09,360,2311
HARYANA,2025-06-11,1454,9905
HARYANA,2025-06-12,724,6167
HARYANA,2025-07-09,129,961
HARYANA,2025-07-11,722,6060
HARYANA,2025-07-12,485,3223
HARYANA,2025-08-09,956,6047
HARYANA,2025-08-11,745,6132
HARYANA,2025-08-12,1032,9310
HARYANA,2025-09-09,876,4965
HARYANA,2025-09-11,406,1950
HARYANA,2025-09-12,513,4927
HARYANA,2025-10-09,1165,7158
HARYANA,2025-10-11,625,5285
HARYANA,2025-10-12,415,3971
HARYANA,2025-11-09,807,4954
HARYANA,2025-11-11,751,4890
HARYANA,2025-11-12,652,6349
HARYANA,2025-12-09,728,4494
HARYANA,2025-12-11,470,4891
HARYANA,2025-12-12,950,8645
HIMACHAL PRADESH,2025-01-03,4687,27114
HIMACHAL PRADESH,2025-01-04,324,1534
HIMACHAL PRADESH,2025-01-05,136,1000
HIMACHAL PRADESH,2025-01-06,362,3526
HIMACHAL PRADESH,2025-01-07,83,744
HIMACHAL PRADESH,2025-01-09,183,1588
HIMACHAL PRADESH,2025-01-11,183,1007
HIMACHAL PRADESH,2025-01-12,116,576
HIMACHAL PRADESH,2025-02-09,121,1481
HIMACHAL PRADESH,2025-02-11,146,313
HIMACHAL PRADESH,2025-02-12,217,1000
HIMACHAL PRADESH,2025-03-09,79,1159
HIMACHAL PRADESH,2025-03-11,238,825
HIMACHAL PRADESH,2025-03-12,314,1224
HIMACHAL PRADESH,2025-04-09,88,1218
HIMACHAL PRADESH,2025-04-11,100,749
HIMACHAL PRADESH,2025-04-12,323,1698
HIMACHAL PRADESH,2025-05-09,139,1668
HIMACHAL PRADESH,2025-05-11,106,313
HIMACHAL PRADESH,2025-05-12,155,991
HIMACHAL PRADESH,2025-06-09,151,1172
HIMACHAL PRADESH,2025-06-11,335,1665
HIMACHAL PRADESH,2025-06-12,263,1261
HIMACHAL PRADESH,2025-07-09,6,155
HIMACHAL PRADESH,2025-07-11,212,966
HIMACHAL PRADESH,2025-07-12,138,393
HIMACHAL PRADESH,2025-08-09,142,3019
HIMACHAL PRADESH,2025-08-11,178,661
HIMACHAL PRADESH,2025-08-12,284,1741
HIMACHAL PRADESH,2025-09-09,175,2424
HIMACHAL PRADESH,2025-09-11,78,177
HIMACHAL PRADESH,2025-09-12,223,1235
HIMACHAL PRADESH,2025-10-09,251,3109
HIMACHAL PRADESH,2025-10-11,162,1091
HIMACHAL PRADESH,2025-10-12,123,855
HIMACHAL PRADESH,2025-11-09,171,1854
HIMACHAL PRADESH,2025-11-11,188,862
HIMACHAL PRADESH,2025-11-12,178,1081
HIMACHAL PRADESH,2025-12-09,208,2032
HIMACHAL PRADESH,2025-12-11,163,1223
HIMACHAL PRADESH,2025-12-12,324,1535
JAMMU & KASHMIR,2025-01-09,0,6
JAMMU & KASHMIR,2025-01-11,0,1
JAMMU & KASHMIR,2025-01-12,0,4
JAMMU & KASHMIR,2025-02-09,0,5
JAMMU & KASHMIR,2025-02-12,1,7
JAMMU & KASHMIR,2025-03-09,2,4
JAMMU & KASHMIR,2025-03-11,0,2
JAMMU & KASHMIR,2025-03-12,0,4
JAMMU & KASHMIR,2025-04-09,0,7
JAMMU & KASHMIR,2025-04-11,0,8
JAMMU & KASHMIR,2025-04-12,0,14
JAMMU & KASHMIR,2025-05-09,1,1
JAMMU & KASHMIR,2025-05-11,0,1
JAMMU & KASHMIR,2025-05-12,1,8
JAMMU & KASHMIR,2025-06-09,0,5
JAMMU & KASHMIR,2025-06-11,2,12
JAMMU & KASHMIR,2025-06-12,0,3
JAMMU & KASHMIR,2025-07-11,0,2
JAMMU & KASHMIR,2025-07-12,0,4
JAMMU & KASHMIR,2025-08-09,0,7
JAMMU & KASHMIR,2025-08-11,0,7
JAMMU & KASHMIR,2025-08-12,0,10
JAMMU & KASHMIR,2025-09-12,2,7
JAMMU & KASHMIR,2025-10-09,0,8
JAMMU & KASHMIR,2025-10-11,0,6
JAMMU & KASHMIR,2025-10-12,0,6
JAMMU & KASHMIR,2025-11-09,1,6
JAMMU & KASHMIR,2025-11-11,3,8
JAMMU & KASHMIR,2025-11-12,0,7
JAMMU & KASHMIR,2025-12-09,0,4
JAMMU & KASHMIR,2025-12-11,0,6
JAMMU & KASHMIR,2025-12-12,0,7
JAMMU AND KASHMIR,2025-01-03,12688,79556
JAMMU AND KASHMIR,2025-01-04,7915,39798
JAMMU AND KASHMIR,2025-01-05,3992,16536
JAMMU AND KASHMIR,2025-01-06,2014,11094
JAMMU AND KASHMIR,2025-01-07,3811,21778
JAMMU AND KASHMIR,2025-01-09,316,2593
JAMMU AND KASHMIR,2025-01-11,420,2817
JAMMU AND KASHMIR,2025-01-12,321,1479
JAMMU AND KASHMIR,2025-02-09,315,2509
JAMMU AND KASHMIR,2025-02-11,191,592
JAMMU AND KASHMIR,2025-02-12,504,3003
JAMMU AND KASHMIR,2025-03-09,148,1068
JAMMU AND KASHMIR,2025-03-11,196,1451
JAMMU AND KASHMIR,2025-03-12,634,3197
JAMMU AND KASHMIR,2025-04-09,187,1332
JAMMU AND KASHMIR,2025-04-11,211,1822
JAMMU AND KASHMIR,2025-04-12,849,4532
JAMMU AND KASHMIR,2025-05-09,151,1158
JAMMU AND KASHMIR,2025-05-11,253,1000
JAMMU AND KASHMIR,2025-05-12,443,2396
JAMMU AND KASHMIR,2025-06-09,180,1258
JAMMU AND KASHMIR,2025-06-11,785,4411
JAMMU AND KASHMIR,2025-06-12,435,2823
JAMMU AND KASHMIR,2025-07-09,24,167
JAMMU AND KASHMIR,2025-07-11,264,1797
JAMMU AND KASHMIR,2025-07-12,248,1062
JAMMU AND KASHMIR,2025-08-09,413,3234
JAMMU AND KASHMIR,2025-08-11,348,2066
JAMMU AND KASHMIR,2025-08-12,844,4300
JAMMU AND KASHMIR,2025-09-09,328,2653
JAMMU AND KASHMIR,2025-09-11,131,402
JAMMU AND KASHMIR,2025-09-12,419,2797
JAMMU AND KASHMIR,2025-10-09,421,3269
JAMMU AND KASHMIR,2025-10-11,319,2134
JAMMU AND KASHMIR,2025-10-12,289,1877
JAMMU AND KASHMIR,2025-11-09,209,1694
JAMMU AND KASHMIR,2025-11-11,297,1678
JAMMU AND KASHMIR,2025-11-12,334,2441
JAMMU AND KASHMIR,2025-12-09,88,762
JAMMU AND KASHMIR,2025-12-11,331,2710
JAMMU AND KASHMIR,2025-12-12,575,3612
JHARKHAND,2025-01-03,22953,535664
JHARKHAND,2025-01-04,606,5520
JHARKHAND,2025-01-05,320,3226
JHARKHAND,2025-01-09,1473,16742
JHARKHAND,2025-01-11,787,10772
JHARKHAND,2025-01-12,653,5918
JHARKHAND,2025-02-09,1292,12718
JHARKHAND,2025-02-11,349,2450
JHARKHAND,2025-02-12,1349,13488
JHARKHAND,2025-03-09,624,5992
JHARKHAND,2025-03-11,938,10558
JHARKHAND,2025-03-12,1170,9517
JHARKHAND,2025-04-09,491,4317
JHARKHAND,2025-04-11,715,11689
JHARKHAND,2025-04-12,1933,17362
JHARKHAND,2025-05-09,515,4959
JHARKHAND,2025-05-11,424,3660
JHARKHAND,2025-05-12,866,7885
JHARKHAND,2025-06-09,581,5504
JHARKHAND,2025-06-11,1846,16345
JHARKHAND,2025-06-12,1081,9775
JHARKHAND,2025-07-09,229,2146
JHARKHAND,2025-07-11,844,9109
JHARKHAND,2025-07-12,458,2876
JHARKHAND,2025-08-09,1905,19936
JHARKHAND,2025-08-11,879,9830
JHARKHAND,2025-08-12,1724,15960
JHARKHAND,2025-09-09,1582,17667
JHARKHAND,2025-09-11,364,2345
JHARKHAND,2025-09-12,871,8636
JHARKHAND,2025-10-09,1652,18037
JHARKHAND,2025-10-11,1020,10301
JHARKHAND,2025-10-12,782,7926
JHARKHAND,2025-11-09,979,10085
JHARKHAND,2025-11-11,971,9157
JHARKHAND,2025-11-12,1244,11078
JHARKHAND,2025-12-09,1183,11912
JHARKHAND,2025-12-11,1035,13367
JHARKHAND,2025-12-12,1569,14194
KARNATAKA,2025-01-03,86046,313249
KARNATAKA,2025-01-04,10519,56719
KARNATAKA,2025-01-05,20199,86882
KARNATAKA,2025-01-06,15555,69126
KARNATAKA,2025-01-07,11744,66016
KARNATAKA,2025-01-09,1344,12174
KARNATAKA,2025-01-11,1493,8148
KARNATAKA,2025-01-12,1384,8078
KARNATAKA,2025-02-09,1469,12932
KARNATAKA,2025-02-11,607,2806
KARNATAKA,2025-02-12,2064,17062
KARNATAKA,2025-03-09,1256,9336
KARNATAKA,2025-03-11,1622,9243
KARNATAKA,2025-03-12,2725,17231
KARNATAKA,2025-04-09,847,5981
KARNATAKA,2025-04-11,1991,13242
KARNATAKA,2025-04-12,2528,20166
KARNATAKA,2025-05-09,649,4450
KARNATAKA,2025-05-11,1129,6789
KARNATAKA,2025-05-12,1423,10456
KARNATAKA,2025-06-09,1221,7840
KARNATAKA,2025-06-11,3348,17591
KARNATAKA,2025-06-12,1427,8672
KARNATAKA,2025-07-09,329,1699
KARNATAKA,2025-07-11,2162,12596
KARNATAKA,2025-07-12,1299,6421
KARNATAKA,2025-08-09,2627,17838
KARNATAKA,2025-08-11,1646,9712
KARNATAKA,2025-08-12,2628,19043
KARNATAKA,2025-09-09,1911,14690
KARNATAKA,2025-09-11,555,2563
KARNATAKA,2025-09-12,1528,12623
KARNATAKA,2025-10-09,1749,12622
KARNATAKA,2025-10-11,1517,10989
KARNATAKA,2025-10-12,1101,8917
KARNATAKA,2025-11-09,1116,9143
KARNATAKA,2025-11-11,1587,9986
KARNATAKA,2025-11-12,1849,13090
KARNATAKA,2025-12-09,1100,10355
KARNATAKA,2025-12-11,1849,13855
KARNATAKA,2025-12-12,2631,19620
KERALA,2025-01-03,9410,91440
KERALA,2025-01-09,936,7915
KERALA,2025-01-11,863,6543
KERALA,2025-01-12,441,6709
KERALA,2025-02-09,760,6473
KERALA,2025-02-11,289,1283
KERALA,2025-02-12,863,15005
KERALA,2025-03-09,632,5035
KERALA,2025-03-11,645,6465
KERALA,2025-03-12,1073,14219
KERALA,2025-04-09,114,752
KERALA,2025-04-11,988,11391
KERALA,2025-04-12,952,15651
KERALA,2025-05-09,4,95
KERALA,2025-05-11,799,7343
KERALA,2025-05-12,387,7914
KERALA,2025-06-09,84,494
KERALA,2025-06-11,1112,10877
KERALA,2025-06-12,622,7270
KERALA,2025-07-09,6,71
KERALA,2025-07-11,794,9828
KERALA,2025-07-12,366,4727
KERALA,2025-08-09,1095,10472
KERALA,2025-08-11,954,8041
KERALA,2025-08-12,1062,14042
KERALA,2025-09-09,947,10257
KERALA,2025-09-11,239,1682
KERALA,2025-09-12,609,8773
KERALA,2025-10-09,838,8360
KERALA,2025-10-11,547,7656
KERALA,2025-10-12,517,6871
KERALA,2025-11-09,655,6201
KERALA,2025-11-11,595,6059
KERALA,2025-11-12,601,7718
KERALA,2025-12-09,550,5501
KERALA,2025-12-11,633,9676
KERALA,2025-12-12,966,12550
LADAKH,2025-01-03,749,1817
LADAKH,2025-01-09,4,25
LADAKH,2025-01-11,3,5
LADAKH,2025-01-12,7,27
LADAKH,2025-02-09,4,22
LADAKH,2025-02-11,4,12
LADAKH,2025-02-12,17,88
LADAKH,2025-03-09,0,10
LADAKH,2025-03-11,8,32
LADAKH,2025-03-12,23,68
LADAKH,2025-04-09,3,22
LADAKH,2025-04-11,2,11
LADAKH,2025-04-12,12,67
LADAKH,2025-05-09,1,13
LADAKH,2025-05-11,6,26
LADAKH,2025-05-12,10,33
LADAKH,2025-06-09,0,15
LADAKH,2025-06-11,7,42
LADAKH,2025-06-12,10,62
LADAKH,2025-07-09,2,2
LADAKH,2025-07-11,10,32
LADAKH,2025-07-12,15,39
LADAKH,2025-08-09,7,53
LADAKH,2025-08-11,7,17
LADAKH,2025-08-12,18,75
LADAKH,2025-09-09,5,26
LADAKH,2025-09-11,6,13
LADAKH,2025-09-12,16,41
LADAKH,2025-10-09,0,29
LADAKH,2025-10-11,3,21
LADAKH,2025-10-12,18,39
LADAKH,2025-11-09,2,31
LADAKH,2025-11-11,6,36
LADAKH,2025-11-12,16,55
LADAKH,2025-12-09,7,33
LADAKH,2025-12-11,2,10
LADAKH,2025-12-12,12,73
LAKSHADWEEP,2025-01-09,0,10
LAKSHADWEEP,2025-01-11,0,16
LAKSHADWEEP,2025-02-09,2,17
LAKSHADWEEP,2025-02-11,2,1
LAKSHADWEEP,2025-02-12,0,9
LAKSHADWEEP,2025-03-09,0,13
LAKSHADWEEP,2025-03-11,4,10
LAKSHADWEEP,2025-03-12,3,25
LAKSHADWEEP,2025-04-09,0,3
LAKSHADWEEP,2025-04-11,2,9
LAKSHADWEEP,2025-04-12,0,18
LAKSHADWEEP,2025-05-11,3,7
LAKSHADWEEP,2025-05-12,3,2
LAKSHADWEEP,2025-06-09,0,7
LAKSHADWEEP,2025-06-11,3,20
LAKSHADWEEP,2025-06-12,1,24
LAKSHADWEEP,2025-07-11,4,12
LAKSHADWEEP,2025-07-12,0,12
LAKSHADWEEP,2025-08-09,6,20
LAKSHADWEEP,2025-08-11,4,10
LAKSHADWEEP,2025-08-12,8,25
LAKSHADWEEP,2025-09-09,2,3
LAKSHADWEEP,2025-09-11,4,0
LAKSHADWEEP,2025-09-12,2,17
LAKSHADWEEP,2025-10-09,5,24
LAKSHADWEEP,2025-10-11,3,22
LAKSHADWEEP,2025-10-12,0,15
LAKSHADWEEP,2025-11-09,0,13
LAKSHADWEEP,2025-11-11,2,5
LAKSHADWEEP,2025-11-12,1,20
LAKSHADWEEP,2025-12-09,0,5
LAKSHADWEEP,2025-12-11,2,6
LAKSHADWEEP,2025-12-12,3,19
MADHYA PRADESH,2025-01-03,73640,590312
MADHYA PRADESH,2025-01-04,29556,151458
MADHYA PRADESH,2025-01-05,40292,222970
MADHYA PRADESH,2025-01-06,37214,166666
MADHYA PRADESH,2025-01-07,65004,271813
MADHYA PRADESH,2025-01-09,1868,14464
MADHYA PRADESH,2025-01-11,986,10232
MADHYA PRADESH,2025-01-12,1373,8235
MADHYA PRADESH,2025-02-09,1956,16458
MADHYA PRADESH,2025-02-11,834,4353
MADHYA PRADESH,2025-02-12,1792,11636
MADHYA PRADESH,2025-03-09,1919,11044
MADHYA PRADESH,2025-03-11,3190,17246
MADHYA PRADESH,2025-03-12,3188,19948
MADHYA PRADESH,2025-04-09,2206,11812
MADHYA PRADESH,2025-04-11,1914,18293
MADHYA PRADESH,2025-04-12,3314,19615
MADHYA PRADESH,2025-05-09,789,5776
MADHYA PRADESH,2025-05-11,1555,8569
MADHYA PRADESH,2025-05-12,1180,7751
MADHYA PRADESH,2025-06-09,1289,7317
MADHYA PRADESH,2025-06-11,3790,19276
MADHYA PRADESH,2025-06-12,1522,9978
MADHYA PRADESH,2025-07-09,175,1461
MADHYA PRADESH,2025-07-11,3313,20280
MADHYA PRADESH,2025-07-12,1490,7084
MADHYA PRADESH,2025-08-09,4335,23734
MADHYA PRADESH,2025-08-11,1576,11272
MADHYA PRADESH,2025-08-12,2899,20645
MADHYA PRADESH,2025-09-09,3453,19753
MADHYA PRADESH,2025-09-11,1074,4507
MADHYA PRADESH,2025-09-12,2455,18572
MADHYA PRADESH,2025-10-09,3997,22200
MADHYA PRADESH,2025-10-11,1743,13827
MADHYA PRADESH,2025-10-12,1940,15847
MADHYA PRADESH,2025-11-09,2868,16448
MADHYA PRADESH,2025-11-11,2079,12872
MADHYA PRADESH,2025-11-12,2346,19176
MADHYA PRADESH,2025-12-09,2955,16851
MADHYA PRADESH,2025-12-11,1611,14236
MADHYA PRADESH,2025-12-12,3096,22320
MAHARASHTRA,2025-01-03,45650,666552
MAHARASHTRA,2025-01-04,6110,56326
MAHARASHTRA,2025-01-05,9959,80772
MAHARASHTRA,2025-01-06,12811,94291
MAHARASHTRA,2025-01-07,15732,117649
MAHARASHTRA,2025-01-09,1398,14167
MAHARASHTRA,2025-01-11,1420,52131
MAHARASHTRA,2025-01-12,1700,25803
MAHARASHTRA,2025-02-09,1470,14076
MAHARASHTRA,2025-02-11,986,10792
MAHARASHTRA,2025-02-12,1725,31299
MAHARASHTRA,2025-03-09,1509,14309
MAHARASHTRA,2025-03-11,3867,103222
MAHARASHTRA,2025-03-12,4442,54694
MAHARASHTRA,2025-04-09,2045,17975
MAHARASHTRA,2025-04-11,2864,125728
MAHARASHTRA,2025-04-12,3370,46227
MAHARASHTRA,2025-05-09,859,8581
MAHARASHTRA,2025-05-11,2322,34195
MAHARASHTRA,2025-05-12,1127,15910
MAHARASHTRA,2025-06-09,676,5338
MAHARASHTRA,2025-06-11,4766,127551
MAHARASHTRA,2025-06-12,1811,22754
MAHARASHTRA,2025-07-09,296,2131
MAHARASHTRA,2025-07-11,3205,118833
MAHARASHTRA,2025-07-12,1318,11444
MAHARASHTRA,2025-08-09,2513,22397
MAHARASHTRA,2025-08-11,2405,84868
MAHARASHTRA,2025-08-12,3663,51377
MAHARASHTRA,2025-09-09,2636,23308
MAHARASHTRA,2025-09-11,734,8031
MAHARASHTRA,2025-09-12,2624,40282
MAHARASHTRA,2025-10-09,3319,28263
MAHARASHTRA,2025-10-11,2011,108576
MAHARASHTRA,2025-10-12,2379,37623
MAHARASHTRA,2025-11-09,2049,16408
MAHARASHTRA,2025-11-11,1977,82083
MAHARASHTRA,2025-11-12,3512,50107
MAHARASHTRA,2025-12-09,2669,21368
MAHARASHTRA,2025-12-11,3049,157149
MAHARASHTRA,2025-12-12,3568,49894
MANIPUR,2025-01-03,4575,27171
MANIPUR,2025-01-09,185,961
MANIPUR,2025-01-11,889,6326
MANIPUR,2025-01-12,320,1580
MANIPUR,2025-02-09,233,1330
MANIPUR,2025-02-11,805,5217
MANIPUR,2025-02-12,435,2251
MANIPUR,2025-03-09,163,1061
MANIPUR,2025-03-11,849,6818
MANIPUR,2025-03-12,621,2742
MANIPUR,2025-04-09,155,819
MANIPUR,2025-04-11,942,6863
MANIPUR,2025-04-12,404,1688
MANIPUR,2025-05-09,273,1559
MANIPUR,2025-05-11,749,5120
MANIPUR,2025-05-12,137,719
MANIPUR,2025-06-09,183,1026
MANIPUR,2025-06-11,1261,10026
MANIPUR,2025-06-12,242,990
MANIPUR,2025-07-09,68,675
MANIPUR,2025-07-11,808,6489
MANIPUR,2025-07-12,128,498
MANIPUR,2025-08-09,267,1684
MANIPUR,2025-08-11,1814,10719
MANIPUR,2025-08-12,416,1876
MANIPUR,2025-09-09,247,1718
MANIPUR,2025-09-11,715,4172
MANIPUR,2025-09-12,252,1076
MANIPUR,2025-10-09,319,1832
MANIPUR,2025-10-11,1141,8203
MANIPUR,2025-10-12,186,909
MANIPUR,2025-11-09,166,1037
MANIPUR,2025-11-11,921,7892
MANIPUR,2025-11-12,319,2015
MANIPUR,2025-12-09,189,1056
MANIPUR,2025-12-11,938,6156
MANIPUR,2025-12-12,311,1781
MEGHALAYA,2025-01-03,3226,35806
MEGHALAYA,2025-01-09,152,1213
MEGHALAYA,2025-01-11,51,283
MEGHALAYA,2025-01-12,27,330
MEGHALAYA,2025-02-09,91,778
MEGHALAYA,2025-02-11,15,96
MEGHALAYA,2025-02-12,39,344
MEGHALAYA,2025-03-09,75,742
MEGHALAYA,2025-03-11,106,841
MEGHALAYA,2025-03-12,111,895
MEGHALAYA,2025-04-09,119,982
MEGHALAYA,2025-04-11,61,622
MEGHALAYA,2025-04-12,107,696
MEGHALAYA,2025-05-09,169,1277
MEGHALAYA,2025-05-11,53,489
MEGHALAYA,2025-05-12,41,355
MEGHALAYA,2025-06-09,25,129
MEGHALAYA,2025-06-11,125,594
MEGHALAYA,2025-06-12,27,191
MEGHALAYA,2025-07-09,1,21
MEGHALAYA,2025-07-11,34,233
MEGHALAYA,2025-07-12,18,93
MEGHALAYA,2025-08-09,97,1072
MEGHALAYA,2025-08-11,37,209
MEGHALAYA,2025-08-12,102,785
MEGHALAYA,2025-09-09,100,1131
MEGHALAYA,2025-09-11,9,48
MEGHALAYA,2025-09-12,70,604
MEGHALAYA,2025-10-09,159,1457
MEGHALAYA,2025-10-11,73,593
MEGHALAYA,2025-10-12,46,388
MEGHALAYA,2025-11-09,61,784
MEGHALAYA,2025-11-11,42,400
MEGHALAYA,2025-11-12,138,801
MEGHALAYA,2025-12-09,112,1063
MEGHALAYA,2025-12-11,56,416
MEGHALAYA,2025-12-12,55,390
MIZORAM,2025-01-03,2205,14792
MIZORAM,2025-01-04,328,1782
MIZORAM,2025-01-05,76,414
MIZORAM,2025-01-06,162,2510
MIZORAM,2025-01-07,41,389
MIZORAM,2025-01-09,22,274
MIZORAM,2025-01-11,20,152
MIZORAM,2025-01-12,12,142
MIZORAM,2025-02-09,39,259
MIZORAM,2025-02-11,8,41
MIZORAM,2025-02-12,36,300
MIZORAM,2025-03-09,39,263
MIZORAM,2025-03-11,28,283
MIZORAM,2025-03-12,53,349
MIZORAM,2025-04-09,56,317
MIZORAM,2025-04-11,6,184
MIZORAM,2025-04-12,48,257
MIZORAM,2025-05-09,15,70
MIZORAM,2025-05-11,12,105
MIZORAM,2025-05-12,18,103
MIZORAM,2025-06-09,10,41
MIZORAM,2025-06-11,53,388
MIZORAM,2025-06-12,38,134
MIZORAM,2025-07-09,0,8
MIZORAM,2025-07-11,29,253
MIZORAM,2025-07-12,9,70
MIZORAM,2025-08-09,48,326
MIZORAM,2025-08-11,25,121
MIZORAM,2025-08-12,40,392
MIZORAM,2025-09-09,43,295
MIZORAM,2025-09-11,4,17
MIZORAM,2025-09-12,18,205
MIZORAM,2025-10-09,57,428
MIZORAM,2025-10-11,30,213
MIZORAM,2025-10-12,22,168
MIZORAM,2025-11-09,26,192
MIZORAM,2025-11-11,23,230
MIZORAM,2025-11-12,32,393
MIZORAM,2025-12-09,32,210
MIZORAM,2025-12-11,18,186
MIZORAM,2025-12-12,33,301
NAGALAND,2025-01-03,962,9610
NAGALAND,2025-01-09,21,285
NAGALAND,2025-01-11,39,249
NAGALAND,2025-01-12,29,299
NAGALAND,2025-02-09,26,295
NAGALAND,2025-02-11,21,118
NAGALAND,2025-02-12,21,323
NAGALAND,2025-03-09,20,250
NAGALAND,2025-03-11,51,487
NAGALAND,2025-03-12,42,571
NAGALAND,2025-04-09,41,314
NAGALAND,2025-04-11,76,411
NAGALAND,2025-04-12,38,356
NAGALAND,2025-05-09,35,268
NAGALAND,2025-05-11,37,261
NAGALAND,2025-05-12,17,174
NAGALAND,2025-06-09,24,144
NAGALAND,2025-06-11,73,448
NAGALAND,2025-06-12,21,202
NAGALAND,2025-07-09,5,46
NAGALAND,2025-07-11,39,302
NAGALAND,2025-07-12,10,135
NAGALAND,2025-08-09,45,426
NAGALAND,2025-08-11,21,168
NAGALAND,2025-08-12,68,475
NAGALAND,2025-09-09,38,402
NAGALAND,2025-09-11,2,32
NAGALAND,2025-09-12,41,363
NAGALAND,2025-10-09,24,505
NAGALAND,2025-10-11,26,262
NAGALAND,2025-10-12,14,253
NAGALAND,2025-11-09,20,215
NAGALAND,2025-11-11,37,230
NAGALAND,2025-11-12,49,392
NAGALAND,2025-12-09,31,332
NAGALAND,2025-12-11,17,218
NAGALAND,2025-12-12,45,376
ODISHA,2025-01-03,39476,326780
ODISHA,2025-01-07,1098,7524
ODISHA,2025-01-09,1558,12059
ODISHA,2025-01-11,1096,5941
ODISHA,2025-01-12,1410,5738
ODISHA,2025-02-09,932,7709
ODISHA,2025-02-11,603,2496
ODISHA,2025-02-12,1148,6273
ODISHA,2025-03-09,844,7553
ODISHA,2025-03-11,2226,10855
ODISHA,2025-03-12,2416,11425
ODISHA,2025-04-09,1094,8534
ODISHA,2025-04-11,1667,9039
ODISHA,2025-04-12,1164,7647
ODISHA,2025-05-09,903,8226
ODISHA,2025-05-11,656,2807
ODISHA,2025-05-12,860,4945
ODISHA,2025-06-09,1133,9265
ODISHA,2025-06-11,1962,10438
ODISHA,2025-06-12,1288,6844
ODISHA,2025-07-09,105,922
ODISHA,2025-07-11,1232,7241
ODISHA,2025-07-12,830,2993
ODISHA,2025-08-09,1469,11724
ODISHA,2025-08-11,1048,5985
ODISHA,2025-08-12,2077,11640
ODISHA,2025-09-09,1324,10829
ODISHA,2025-09-11,227,871
ODISHA,2025-09-12,1103,6236
ODISHA,2025-10-09,1688,13252
ODISHA,2025-10-11,1207,6510
ODISHA,2025-10-12,1058,5484
ODISHA,2025-11-09,1069,8327
ODISHA,2025-11-11,1167,5956
ODISHA,2025-11-12,2006,10167
ODISHA,2025-12-09,1198,9625
ODISHA,2025-12-11,978,5698
ODISHA,2025-12-12,1860,10036
ORISSA,2025-01-09,31,466
ORISSA,2025-01-11,12,201
ORISSA,2025-01-12,20,200
ORISSA,2025-02-09,17,382
ORISSA,2025-02-11,13,116
ORISSA,2025-02-12,31,455
ORISSA,2025-03-09,16,259
ORISSA,2025-03-11,36,446
ORISSA,2025-03-12,48,490
ORISSA,2025-04-09,26,446
ORISSA,2025-04-11,30,501
ORISSA,2025-04-12,19,439
ORISSA,2025-05-09,5,332
ORISSA,2025-05-11,21,139
ORISSA,2025-05-12,16,238
ORISSA,2025-06-09,31,386
ORISSA,2025-06-11,31,448
ORISSA,2025-06-12,31,316
ORISSA,2025-07-09,5,43
ORISSA,2025-07-11,24,315
ORISSA,2025-07-12,21,125
ORISSA,2025-08-09,38,555
ORISSA,2025-08-11,14,319
ORISSA,2025-08-12,42,596
ORISSA,2025-09-09,16,464
ORISSA,2025-09-11,0,26
ORISSA,2025-09-12,16,256
ORISSA,2025-10-09,15,429
ORISSA,2025-10-11,19,355
ORISSA,2025-10-12,18,254
ORISSA,2025-11-09,23,391
ORISSA,2025-11-11,22,216
ORISSA,2025-11-12,47,514
ORISSA,2025-12-09,27,405
ORISSA,2025-12-11,18,297
ORISSA,2025-12-12,48,480
PONDICHERRY,2025-01-09,4,124
PONDICHERRY,2025-01-11,3,39
PONDICHERRY,2025-01-12,1,32
PONDICHERRY,2025-02-09,4,69
PONDICHERRY,2025-02-11,7,24
PONDICHERRY,2025-02-12,18,147
PONDICHERRY,2025-03-09,2,84
PONDICHERRY,2025-03-11,22,114
PONDICHERRY,2025-03-12,10,124
PONDICHERRY,2025-04-09,1,56
PONDICHERRY,2025-04-11,19,141
PONDICHERRY,2025-04-12,12,145
PONDICHERRY,2025-05-09,0,44
PONDICHERRY,2025-05-11,8,74
PONDICHERRY,2025-05-12,2,54
PONDICHERRY,2025-06-09,3,54
PONDICHERRY,2025-06-11,8,85
PONDICHERRY,2025-06-12,9,87
PONDICHERRY,2025-07-09,0,1
PONDICHERRY,2025-07-11,14,140
PONDICHERRY,2025-07-12,7,21
PONDICHERRY,2025-08-09,14,124
PONDICHERRY,2025-08-11,13,100
PONDICHERRY,2025-08-12,2,160
PONDICHERRY,2025-09-09,12,99
PONDICHERRY,2025-09-11,3,20
PONDICHERRY,2025-09-12,9,104
PONDICHERRY,2025-10-09,2,115
PONDICHERRY,2025-10-11,7,116
PONDICHERRY,2025-10-12,4,75
PONDICHERRY,2025-11-09,8,87
PONDICHERRY,2025-11-11,13,83
PONDICHERRY,2025-11-12,10,127
PONDICHERRY,2025-12-09,5,123
PONDICHERRY,2025-12-11,4,63
PONDICHERRY,2025-12-12,4,117
PUDUCHERRY,2025-01-03,479,3877
PUDUCHERRY,2025-01-05,86,367
PUDUCHERRY,2025-01-07,248,1764
PUDUCHERRY,2025-01-09,33,208
PUDUCHERRY,2025-01-11,27,182
PUDUCHERRY,2025-01-12,8,60
PUDUCHERRY,2025-02-09,26,121
PUDUCHERRY,2025-02-11,39,154
PUDUCHERRY,2025-02-12,47,317
PUDUCHERRY,2025-03-09,14,133
PUDUCHERRY,2025-03-11,62,281
PUDUCHERRY,2025-03-12,40,213
PUDUCHERRY,2025-04-09,35,175
PUDUCHERRY,2025-04-11,38,136
PUDUCHERRY,2025-04-12,48,257
PUDUCHERRY,2025-05-09,36,91
PUDUCHERRY,2025-05-11,33,197
PUDUCHERRY,2025-05-12,38,139
PUDUCHERRY,2025-06-09,48,128
PUDUCHERRY,2025-06-11,79,389
PUDUCHERRY,2025-06-12,53,199
PUDUCHERRY,2025-07-09,0,12
PUDUCHERRY,2025-07-11,56,288
PUDUCHERRY,2025-07-12,47,225
PUDUCHERRY,2025-08-09,67,206
PUDUCHERRY,2025-08-11,40,194
PUDUCHERRY,2025-08-12,37,310
PUDUCHERRY,2025-09-09,59,221
PUDUCHERRY,2025-09-11,8,50
PUDUCHERRY,2025-09-12,38,184
PUDUCHERRY,2025-10-09,51,190
PUDUCHERRY,2025-10-11,43,219
PUDUCHERRY,2025-10-12,20,138
PUDUCHERRY,2025-11-09,117,219
PUDUCHERRY,2025-11-11,25,124
PUDUCHERRY,2025-11-12,31,307
PUDUCHERRY,2025-12-09,61,181
PUDUCHERRY,2025-12-11,41,218
PUDUCHERRY,2025-12-12,33,302
PUNJAB,2025-01-03,10147,165225
PUNJAB,2025-01-04,1893,22946
PUNJAB,2025-01-05,4010,36714
PUNJAB,2025-01-06,3715,39491
PUNJAB,2025-01-07,10968,109928
PUNJAB,2025-01-09,314,5297
PUNJAB,2025-01-11,353,6208
PUNJAB,2025-01-12,147,2726
PUNJAB,2025-02-09,253,3407
PUNJAB,2025-02-11,120,1620
PUNJAB,2025-02-12,383,8479
PUNJAB,2025-03-09,286,4049
PUNJAB,2025-03-11,519,8774
PUNJAB,2025-03-12,441,8545
PUNJAB,2025-04-09,394,5026
PUNJAB,2025-04-11,460,6478
PUNJAB,2025-04-12,313,6618
PUNJAB,2025-05-09,597,7915
PUNJAB,2025-05-11,291,2746
PUNJAB,2025-05-12,172,4115
PUNJAB,2025-06-09,369,4374
PUNJAB,2025-06-11,533,8078
PUNJAB,2025-06-12,151,2860
PUNJAB,2025-07-09,38,398
PUNJAB,2025-07-11,397,6973
PUNJAB,2025-07-12,264,2273
PUNJAB,2025-08-09,522,7038
PUNJAB,2025-08-11,238,4349
PUNJAB,2025-08-12,432,8950
PUNJAB,2025-09-09,453,6783
PUNJAB,2025-09-11,83,780
PUNJAB,2025-09-12,225,4876
PUNJAB,2025-10-09,388,5822
PUNJAB,2025-10-11,270,5997
PUNJAB,2025-10-12,180,3460
PUNJAB,2025-11-09,508,6832
PUNJAB,2025-11-11,295,5632
PUNJAB,2025-11-12,400,7232
PUNJAB,2025-12-09,515,7343
PUNJAB,2025-12-11,273,6266
PUNJAB,2025-12-12,488,9190
RAJASTHAN,2025-01-03,64641,1095112
RAJASTHAN,2025-01-04,16546,120815
RAJASTHAN,2025-01-05,6845,66059
RAJASTHAN,2025-01-06,6789,58660
RAJASTHAN,2025-01-07,18362,119647
RAJASTHAN,2025-01-09,1916,13772
RAJASTHAN,2025-01-11,1351,13776
RAJASTHAN,2025-01-12,1235,10391
RAJASTHAN,2025-02-09,1371,8901
RAJASTHAN,2025-02-11,1039,5218
RAJASTHAN,2025-02-12,2100,18724
RAJASTHAN,2025-03-09,1797,11985
RAJASTHAN,2025-03-11,2863,17894
RAJASTHAN,2025-03-12,2552,20027
RAJASTHAN,2025-04-09,1650,12305
RAJASTHAN,2025-04-11,1746,16500
RAJASTHAN,2025-04-12,2189,18235
RAJASTHAN,2025-05-09,1360,11340
RAJASTHAN,2025-05-11,1316,8175
RAJASTHAN,2025-05-12,1378,12624
RAJASTHAN,2025-06-09,1098,8321
RAJASTHAN,2025-06-11,2835,18738
RAJASTHAN,2025-06-12,946,7447
RAJASTHAN,2025-07-09,426,3382
RAJASTHAN,2025-07-11,2121,16936
RAJASTHAN,2025-07-12,830,4679
RAJASTHAN,2025-08-09,2288,17286
RAJASTHAN,2025-08-11,1848,14387
RAJASTHAN,2025-08-12,2948,21389
RAJASTHAN,2025-09-09,2477,18550
RAJASTHAN,2025-09-11,635,2946
RAJASTHAN,2025-09-12,1392,10756
RAJASTHAN,2025-10-09,2109,16348
RAJASTHAN,2025-10-11,2226,16006
RAJASTHAN,2025-10-12,1156,9639
RAJASTHAN,2025-11-09,2022,14791
RAJASTHAN,2025-11-11,1929,12665
RAJASTHAN,2025-11-12,2580,20266
RAJASTHAN,2025-12-09,2496,17315
RAJASTHAN,2025-12-11,1332,11180
RAJASTHAN,2025-12-12,3693,25315
SIKKIM,2025-01-03,372,5131
SIKKIM,2025-01-09,34,449
SIKKIM,2025-01-11,11,143
SIKKIM,2025-01-12,14,268
SIKKIM,2025-02-09,31,525
SIKKIM,2025-02-11,2,55
SIKKIM,2025-02-12,15,224
SIKKIM,2025-03-09,33,467
SIKKIM,2025-03-11,32,209
SIKKIM,2025-03-12,24,249
SIKKIM,2025-04-09,27,338
SIKKIM,2025-04-11,29,255
SIKKIM,2025-04-12,6,97
SIKKIM,2025-05-09,27,452
SIKKIM,2025-05-11,15,148
SIKKIM,2025-05-12,16,250
SIKKIM,2025-06-09,3,79
SIKKIM,2025-06-11,18,261
SIKKIM,2025-06-12,0,35
SIKKIM,2025-07-11,20,188
SIKKIM,2025-07-12,5,37
SIKKIM,2025-08-09,24,344
SIKKIM,2025-08-11,8,65
SIKKIM,2025-08-12,22,322
SIKKIM,2025-09-09,44,468
SIKKIM,2025-09-11,5,20
SIKKIM,2025-09-12,2,54
SIKKIM,2025-10-09,25,193
SIKKIM,2025-10-11,30,321
SIKKIM,2025-10-12,10,130
SIKKIM,2025-11-09,20,311
SIKKIM,2025-11-11,8,64
SIKKIM,2025-11-12,19,306
SIKKIM,2025-12-09,20,255
SIKKIM,2025-12-11,3,129
SIKKIM,2025-12-12,31,383
TAMIL NADU,2025-01-03,40573,473190
TAMIL NADU,2025-01-04,4126,38564
TAMIL NADU,2025-01-05,3958,23511
TAMIL NADU,2025-01-06,1420,9995
TAMIL NADU,2025-01-07,2973,19958
TAMIL NADU,2025-01-09,2340,16959
TAMIL NADU,2025-01-11,4018,15844
TAMIL NADU,2025-01-12,2691,16233
TAMIL NADU,2025-02-09,2707,18932
TAMIL NADU,2025-02-11,3935,8715
TAMIL NADU,2025-02-12,5664,27471
TAMIL NADU,2025-03-09,2322,15021
TAMIL NADU,2025-03-11,5551,18862
TAMIL NADU,2025-03-12,3940,19999
TAMIL NADU,2025-04-09,2782,14192
TAMIL NADU,2025-04-11,8831,27338
TAMIL NADU,2025-04-12,3364,20383
TAMIL NADU,2025-05-09,709,4075
TAMIL NADU,2025-05-11,3811,12620
TAMIL NADU,2025-05-12,3355,19250
TAMIL NADU,2025-06-09,3915,11409
TAMIL NADU,2025-06-11,5821,23651
TAMIL NADU,2025-06-12,873,3930
TAMIL NADU,2025-07-09,354,1887
TAMIL NADU,2025-07-11,3480,15966
TAMIL NADU,2025-07-12,3569,12115
TAMIL NADU,2025-08-09,3503,19725
TAMIL NADU,2025-08-11,5763,21268
TAMIL NADU,2025-08-12,3062,22271
TAMIL NADU,2025-09-09,3677,21058
TAMIL NADU,2025-09-11,1654,4331
TAMIL NADU,2025-09-12,1162,7648
TAMIL NADU,2025-10-09,3185,17022
TAMIL NADU,2025-10-11,5672,23051
TAMIL NADU,2025-10-12,1512,10794
TAMIL NADU,2025-11-09,3774,19590
TAMIL NADU,2025-11-11,3040,13572
TAMIL NADU,2025-11-12,3269,23212
TAMIL NADU,2025-12-09,4508,22088
TAMIL NADU,2025-12-11,2441,14119
TAMIL NADU,2025-12-12,3436,26337
TELANGANA,2025-01-03,53790,268665
TELANGANA,2025-01-04,3617,23417
TELANGANA,2025-01-05,4641,22865
TELANGANA,2025-01-06,8796,45745
TELANGANA,2025-01-07,13880,87817
TELANGANA,2025-01-09,1315,12646
TELANGANA,2025-01-11,3350,18257
TELANGANA,2025-01-12,1913,10949
TELANGANA,2025-02-09,1659,16713
TELANGANA,2025-02-11,3693,15213
TELANGANA,2025-02-12,1295,7496
TELANGANA,2025-03-09,880,8735
TELANGANA,2025-03-11,2737,11975
TELANGANA,2025-03-12,1807,12057
TELANGANA,2025-04-09,2021,18455
TELANGANA,2025-04-11,2733,8446
TELANGANA,2025-04-12,1271,8275
TELANGANA,2025-05-09,589,4889
TELANGANA,2025-05-11,2533,9697
TELANGANA,2025-05-12,2294,13174
TELANGANA,2025-06-09,1327,9655
TELANGANA,2025-06-11,3686,16341
TELANGANA,2025-06-12,821,4904
TELANGANA,2025-07-09,217,1886
TELANGANA,2025-07-11,1738,7940
TELANGANA,2025-07-12,2304,12021
TELANGANA,2025-08-09,2067,19875
TELANGANA,2025-08-11,3823,15363
TELANGANA,2025-08-12,1743,10925
TELANGANA,2025-09-09,2215,20628
TELANGANA,2025-09-11,2004,7502
TELANGANA,2025-09-12,623,4219
TELANGANA,2025-10-09,1461,14709
TELANGANA,2025-10-11,1933,8742
TELANGANA,2025-10-12,530,3150
TELANGANA,2025-11-09,942,9226
TELANGANA,2025-11-11,1691,6914
TELANGANA,2025-11-12,1694,10395
TELANGANA,2025-12-09,2456,23766
TELANGANA,2025-12-11,2640,12934
TELANGANA,2025-12-12,2010,11820
TRIPURA,2025-01-03,2652,37624
TRIPURA,2025-01-09,146,1270
TRIPURA,2025-01-11,149,1290
TRIPURA,2025-01-12,116,1073
TRIPURA,2025-02-09,175,1453
TRIPURA,2025-02-11,43,373
TRIPURA,2025-02-12,160,1466
TRIPURA,2025-03-09,89,805
TRIPURA,2025-03-11,149,1273
TRIPURA,2025-03-12,134,1149
TRIPURA,2025-04-09,203,1783
TRIPURA,2025-04-11,84,1174
TRIPURA,2025-04-12,156,1346
TRIPURA,2025-05-09,27,400
TRIPURA,2025-05-11,90,747
TRIPURA,2025-05-12,167,1514
TRIPURA,2025-06-09,132,1191
TRIPURA,2025-06-11,177,1354
TRIPURA,2025-06-12,50,412
TRIPURA,2025-07-09,8,114
TRIPURA,2025-07-11,89,832
TRIPURA,2025-07-12,67,431
TRIPURA,2025-08-09,152,1817
TRIPURA,2025-08-11,84,779
TRIPURA,2025-08-12,279,2378
TRIPURA,2025-09-09,176,1777
TRIPURA,2025-09-11,34,232
TRIPURA,2025-09-12,72,812
TRIPURA,2025-10-09,102,1171
TRIPURA,2025-10-11,187,1475
TRIPURA,2025-10-12,65,694
TRIPURA,2025-11-09,63,656
TRIPURA,2025-11-11,101,730
TRIPURA,2025-11-12,162,1655
TRIPURA,2025-12-09,181,1727
TRIPURA,2025-12-11,177,1654
TRIPURA,2025-12-12,227,2150
UTTAR PRADESH,2025-01-03,156908,2042817
UTTAR PRADESH,2025-01-04,18441,162423
UTTAR PRADESH,2025-01-05,18003,165382
UTTAR PRADESH,2025-01-06,10059,134845
UTTAR PRADESH,2025-01-07,31605,297462
UTTAR PRADESH,2025-01-09,13740,65153
UTTAR PRADESH,2025-01-11,7388,84570
UTTAR PRADESH,2025-01-12,4452,60592
UTTAR PRADESH,2025-02-09,12473,59262
UTTAR PRADESH,2025-02-11,3764,28228
UTTAR PRADESH,2025-02-12,4630,72456
UTTAR PRADESH,2025-03-09,7900,39804
UTTAR PRADESH,2025-03-11,5825,50677
UTTAR PRADESH,2025-03-12,5982,73411
UTTAR PRADESH,2025-04-09,14324,71443
UTTAR PRADESH,2025-04-11,4932,60188
UTTAR PRADESH,2025-04-12,4945,61065
UTTAR PRADESH,2025-05-09,8329,41804
UTTAR PRADESH,2025-05-11,4103,33213
UTTAR PRADESH,2025-05-12,4336,56039
UTTAR PRADESH,2025-06-09,13341,62315
UTTAR PRADESH,2025-06-11,9287,77244
UTTAR PRADESH,2025-06-12,4202,55473
UTTAR PRADESH,2025-07-09,4403,22134
UTTAR PRADESH,2025-07-11,4672,44838
UTTAR PRADESH,2025-07-12,4609,44914
UTTAR PRADESH,2025-08-09,18593,94527
UTTAR PRADESH,2025-08-11,5448,64063
UTTAR PRADESH,2025-08-12,9366,117045
UTTAR PRADESH,2025-09-09,15649,77923
UTTAR PRADESH,2025-09-11,3307,25484
UTTAR PRADESH,2025-09-12,3619,44837
UTTAR PRADESH,2025-10-09,14195,70232
UTTAR PRADESH,2025-10-11,7877,85584
UTTAR PRADESH,2025-10-12,2663,37123
UTTAR PRADESH,2025-11-09,9870,50121
UTTAR PRADESH,2025-11-11,4532,46810
UTTAR PRADESH,2025-11-12,6571,84772
UTTAR PRADESH,2025-12-09,16843,82013
UTTAR PRADESH,2025-12-11,7960,106323
UTTAR PRADESH,2025-12-12,6558,77748
UTTARAKHAND,2025-01-03,10108,89841
UTTARAKHAND,2025-01-04,4526,30476
UTTARAKHAND,2025-01-05,3101,23625
UTTARAKHAND,2025-01-06,2226,19712
UTTARAKHAND,2025-01-07,4545,33649
UTTARAKHAND,2025-01-09,238,1914
UTTARAKHAND,2025-01-11,374,3634
UTTARAKHAND,2025-01-12,292,2386
UTTARAKHAND,2025-02-09,208,1613
UTTARAKHAND,2025-02-11,242,1235
UTTARAKHAND,2025-02-12,482,4335
UTTARAKHAND,2025-03-09,188,1340
UTTARAKHAND,2025-03-11,284,1893
UTTARAKHAND,2025-03-12,582,4433
UTTARAKHAND,2025-04-09,309,2446
UTTARAKHAND,2025-04-11,237,2653
UTTARAKHAND,2025-04-12,315,2984
UTTARAKHAND,2025-05-09,243,1889
UTTARAKHAND,2025-05-11,216,1496
UTTARAKHAND,2025-05-12,274,2267
UTTARAKHAND,2025-06-09,350,2289
UTTARAKHAND,2025-06-11,494,3186
UTTARAKHAND,2025-06-12,368,2880
UTTARAKHAND,2025-07-09,89,681
UTTARAKHAND,2025-07-11,301,2564
UTTARAKHAND,2025-07-12,304,1794
UTTARAKHAND,2025-08-09,402,3266
UTTARAKHAND,2025-08-11,408,3756
UTTARAKHAND,2025-08-12,550,4580
UTTARAKHAND,2025-09-09,436,3297
UTTARAKHAND,2025-09-11,355,1744
UTTARAKHAND,2025-09-12,315,2808
UTTARAKHAND,2025-10-09,349,2680
UTTARAKHAND,2025-10-11,417,3757
UTTARAKHAND,2025-10-12,326,2953
UTTARAKHAND,2025-11-09,445,3316
UTTARAKHAND,2025-11-11,236,1649
UTTARAKHAND,2025-11-12,442,4179
UTTARAKHAND,2025-12-09,483,3286
UTTARAKHAND,2025-12-11,324,3592
UTTARAKHAND,2025-12-12,429,3468
WEST  BENGAL,2025-01-09,0,2
WEST  BENGAL,2025-01-11,0,4
WEST  BENGAL,2025-02-09,0,4
WEST  BENGAL,2025-02-12,0,1
WEST  BENGAL,2025-03-09,3,3
WEST  BENGAL,2025-03-12,0,4
WEST  BENGAL,2025-04-09,0,2
WEST  BENGAL,2025-04-11,0,2
WEST  BENGAL,2025-05-09,0,2
WEST  BENGAL,2025-05-12,0,1
WEST  BENGAL,2025-06-09,0,2
WEST  BENGAL,2025-06-11,0,1
WEST  BENGAL,2025-06-12,0,2
WEST  BENGAL,2025-07-09,0,1
WEST  BENGAL,2025-08-11,0,2
WEST  BENGAL,2025-09-11,0,2
WEST  BENGAL,2025-10-11,0,1
WEST  BENGAL,2025-11-09,0,1
WEST  BENGAL,2025-11-11,0,1
WEST  BENGAL,2025-12-09,0,2
WEST  BENGAL,2025-12-12,0,2
WEST BANGAL,2025-01-11,0,12
WEST BANGAL,2025-01-12,0,1
WEST BANGAL,2025-02-09,0,2
WEST BANGAL,2025-02-12,0,2
WEST BANGAL,2025-03-09,1,2
WEST BANGAL,2025-03-11,0,6
WEST BANGAL,2025-03-12,0,4
WEST BANGAL,2025-04-09,0,2
WEST BANGAL,2025-04-11,0,4
WEST BANGAL,2025-05-11,0,2
WEST BANGAL,2025-05-12,0,3
WEST BANGAL,2025-06-09,0,6
WEST BANGAL,2025-06-11,0,3
WEST BANGAL,2025-07-09,0,1
WEST BANGAL,2025-07-11,0,1
WEST BANGAL,2025-07-12,0,1
WEST BANGAL,2025-08-11,0,12
WEST BANGAL,2025-08-12,0,2
WEST BANGAL,2025-09-09,0,2
WEST BANGAL,2025-09-12,0,1
WEST BANGAL,2025-10-11,0,1
WEST BANGAL,2025-11-11,0,1
WEST BANGAL,2025-11-12,0,1
WEST BANGAL,2025-12-09,1,3
WEST BANGAL,2025-12-11,0,5
WEST BANGAL,2025-12-12,0,1
WEST BENGAL,2025-01-03,35495,524973
WEST BENGAL,2025-01-04,2956,35380
WEST BENGAL,2025-01-05,7157,68065
WEST BENGAL,2025-01-06,8350,80141
WEST BENGAL,2025-01-07,13801,134024
WEST BENGAL,2025-01-09,4281,66908
WEST BENGAL,2025-01-11,4190,81040
WEST BENGAL,2025-01-12,1733,22173
WEST BENGAL,2025-02-09,4412,66582
WEST BENGAL,2025-02-11,1311,20946
WEST BENGAL,2025-02-12,2832,46369
WEST BENGAL,2025-03-09,2016,28236
WEST BENGAL,2025-03-11,1503,29147
WEST BENGAL,2025-03-12,2408,31688
WEST BENGAL,2025-04-09,3198,48978
WEST BENGAL,2025-04-11,2234,42879
WEST BENGAL,2025-04-12,2020,27177
WEST BENGAL,2025-05-09,2762,42923
WEST BENGAL,2025-05-11,1032,13947
WEST BENGAL,2025-05-12,1792,22966
WEST BENGAL,2025-06-09,2993,47114
WEST BENGAL,2025-06-11,4540,72840
WEST BENGAL,2025-06-12,1943,25145
WEST BENGAL,2025-07-09,886,13026
WEST BENGAL,2025-07-11,2392,41355
WEST BENGAL,2025-07-12,1131,13454
WEST BENGAL,2025-08-09,2806,49396
WEST BENGAL,2025-08-11,3095,56828
WEST BENGAL,2025-08-12,2825,40063
WEST BENGAL,2025-09-09,2800,47095
WEST BENGAL,2025-09-11,1156,19381
WEST BENGAL,2025-09-12,972,14706
WEST BENGAL,2025-10-09,2453,40940
WEST BENGAL,2025-10-11,2867,57001
WEST BENGAL,2025-10-12,2144,31811
WEST BENGAL,2025-11-09,2879,45930
WEST BENGAL,2025-11-11,1749,31176
WEST BENGAL,2025-11-12,2716,39359
WEST BENGAL,2025-12-09,3948,58401
WEST BENGAL,2025-12-11,3011,57233
WEST BENGAL,2025-12-12,1703,24169
WEST BENGLI,2025-02-12,0,2
WEST BENGLI,2025-06-11,0,1
WESTBENGAL,2025-01-09,0,2
WESTBENGAL,2025-01-11,0,2
WESTBENGAL,2025-02-11,0,2
WESTBENGAL,2025-02-12,0,4
WESTBENGAL,2025-03-09,0,3
WESTBENGAL,2025-03-11,0,4
WESTBENGAL,2025-03-12,0,2
WESTBENGAL,2025-04-09,0,3
WESTBENGAL,2025-04-12,0,2
WESTBENGAL,2025-05-11,0,1
WESTBENGAL,2025-06-11,0,1
WESTBENGAL,2025-06-12,0,3
WESTBENGAL,2025-07-09,0,1
WESTBENGAL,2025-07-11,0,3
WESTBENGAL,2025-07-12,0,4
WESTBENGAL,2025-08-09,0,5
WESTBENGAL,2025-08-11,0,5
WESTBENGAL,2025-08-12,0,3
WESTBENGAL,2025-09-12,0,3
WESTBENGAL,2025-10-09,0,3
WESTBENGAL,2025-10-11,0,2
WESTBENGAL,2025-10-12,0,2
WESTBENGAL,2025-11-09,0,2
WESTBENGAL,2025-11-11,0,3
WESTBENGAL,2025-11-12,0,4
WESTBENGAL,2025-12-09,0,2
WESTBENGAL,2025-12-11,0,5
WESTBENGAL,2025-12-12,0,2
